Rank,Player Name,Position,College,Year,Height ,Weight,40 Time,PFF,NFL Draft Buzz,PFN,TANKATHON,Mel Kiper,Field Yates,Matt Miller,Daniel Jeremiah,Charlie Campbell,Average,Remarks
8,Jeremiyah Love,RB,Notre Dame,Junior,6'0,214,4.4,4,3,5,8,2,5,1,,1,,
1,Fernando Mendoza,QB,Indiana,Junior,6'5,225,4.85,2,4,6,4,1,1,5,,2,,
7,David Bailey,EDGE,Texas Tech,Senior,6'3,250,4.52,6,11,12,7,5,4,14,,3,,
6,Caleb Downs,S,Ohio State,Junior,6'0,205,4.45,1,2,1,3,6,3,2,,4,,
2,Arvell Reese,LB,Ohio State,Junior,6'4,243,4.52,3,7,2,1,4,2,3,,5,,
20,Ty Simpson,QB,Alabama,Junior,6'2,208,4.8,34,15,23,22,21,,9,,6,,
5,Jordyn Tyson,WR,Arizona State,Junior,6'2,200,4.5,7,12,9,6,9,6,12,,7,,
9,Keldric Faulk,EDGE,Auburn,Junior,6'6,285,4.74,13,6,16,9,13,12,15,,8,,
12,Jermod McCoy,CB,Tennessee,Junior,6'0,193,4.52,12,9,14,13,14,14,10,,9,,
15,Kenyon Sadiq,TE,Oregon,Junior,6'3,245,4.55,24,17,13,15,12,16,11,,10,,
11,Mansoor Delane,CB,LSU,Senior,6'0,190,4.44,14,8,11,11,17,11,7,,11,,
19,Denzel Boston,WR,Washington,Junior,6'4,209,4.52,20,18,27,18,20,17,19,,12,,
25,Brandon Cisse,CB,South Carolina,Junior,6'0,190,4.35,32,38,37,24,,,20,,13,,
46,Zion Young,EDGE,Missouri,Senior,6'5,262,4.76,47,44,72,45,,,23,,14,,
3,Rueben Bain,EDGE,Miami (FL), Junior,6'3,275,4.72,5,1,3,2,7,13,4,,15,,
14,Sonny Styles,LB,Ohio State,Senior,6'4,243,4.48,10,32,7,14,8,8,17,,16,,
4,Carnell Tate,WR,Ohio State,Junior,6'3,195,4.6,8,10,4,5,3,7,6,,17,,
33,Chris Bell,WR,Louisville,Senior,6'2,220,4.44,36,26,35,33,,,29,,18,,
10,Peter Woods,DL,Clemson,Junior,6'3,315,4.75,9,5,10,10,16,10,8,,19,,
31,R Mason Thomas,EDGE,Oklahoma,Senior,6'2,249,4.62,37,20,31,29,,,,,20,,
16,Avieon Terrell,CB,Clemson,Junior,5'11,180,4.39,18,16,15,16,,20,22,,21,,
21,Kevin Concepcion,WR,Texas A&M,Junior,5'11,190,4.46,26,29,20,20,,,31,,22,,
18,Cashius Howell,EDGE,Texas A&M,Senior,6'4,248,4.65,15,19,39,19,,15,38,,23,,
78,Harold Perkins,LB,LSU,Junior,6'1,222,4.45,143,81,108,87,,,,,24,,
23,C.J. Allen,LB,Georgia,Junior,6'2,235,4.55,28,33,22,21,18,18,13,,25,,
24,Caleb Banks,DL,Florida,Senior,6'6,330,5.2,16,23,18,25,,,,,26,,
68,Jadarian Price,RB,Notre Dame,Junior,5'11,209,4.44,61,52,101,64,,,36,,27,,
76,Malachi Fields,WR,Notre Dame,Senior,6'4,223,4.5,100,65,145,89,,,,,28,,
74,Will Lee III,CB,Texas A&M,Senior,6'1,189,4.55,105,51,57,72,,,,,29,,
48,Kamari Ramsey,S,USC,Junior,6'0,205,4.52,55,34,34,48,,,32,,30,,
30,Akheem Mesidor,EDGE,Miami (FL),Senior,6'3,280,4.9,33,53,47,27,11,19,,,31,,
13,Makai Lemon,WR,USC,Junior,5'11,195,4.48,11,13,8,12,10,9,16,,32,,
67,Gabe Jacas,EDGE,Illinois,Senior ,6'3,275,4.8,39,79,,56,,,,,33,,
82,Derrick Moore,EDGE,Michigan,Senior,6'3,260,4.65,77,85,59,82,,,,,34,,
37,Dillon Thieneman,S,Oregon,Junior,6'0,205,4.35,49,37,51,37,,,,,35,,
28,Anthony Hill Jr.,LB,Texas,Junior,6'3,238,4.5,46,27,48,30,,,25,,36,,
53,D'angelo Ponds,CB,Indiana,Junior,5'9,170,4.35,58,90,32,46,,,,,37,,
44,Germie Bernard,WR,Alabama,Senior,6'1,204,4.52,40,45,61,35,,,18,,38,,
50,Ja'Kobi Lane,WR,USC,Junior,6'4,200,4.55,70,57,60,47,,,,,39,,
403,Jaylon Guilbeau,CB,Texas,Senior,6'0,183,,310,,,,,,,,40,,
70,Antonio Williams,WR,Clemson,Junior,5'11,190,4.45,97,47,86,60,,,,,41,,
98,Domani Jackson,CB,Alabama,Senior,6'1,196,4.28,187,115,147,99,,,,,42,,
38,Garrett Nussmeier,QB,LSU,Senior,6'1,205,4.82,83,43,140,75,,,,,43,,
49,Dani Dennis-Sutton,EDGE,Penn State,Senior,6'5,265,4.68,92,42,118,51,,,,,44,,
148,Aaron Anderson,WR,LSU,Junior,5'8,188,4.34,142,126,103,130,,,,,45,,
29,Romello Height,EDGE,Texas Tech,Junior,6'3,240,4.7,56,28,74,31,,,,,46,,
84,Darrell Jackson Jr.,DL,Florida State,Senior,6'5,337,5.05,88,73,69,71,,,,,47,,
93,Nick Singleton,RB,Penn State,Senior,6'0,224,4.39,,74,143,76,,,,,48,,
60,Max Klare,TE,Ohio State,Junior,6'5,243,4.7,71,50,28,55,,,,,49,,
101,Kyle Louis,LB,Pittsburgh,Junior,6'1,220,4.65,180,116,,132,,,,,50,,
116,Demond Claiborne,RB,Wake Forest,Senior ,5'10,195,4.42,124,101,83,109,,,,,51,,
113,DeMonte Capehart,DL,Clemson,Senior,6'5,313,4.75,165,109,,135,,,,,52,,
100,Deion Burks,WR,Oklahoma,Senior,5'9,188,4.43,90,89,119,79,,,,,53,,
115,Eli Raridon,TE,Notre Dame,Senior,6'7,251,4.78,,102,75,94,,,,,54,,
395,Jalon Kilgore,CB,South Carolina,Junior,6'1,211,,132,,,,,,,,55,,
80,Carson Beck,QB,Miami (FL),Senior,6'4,220,4.84,83,66,139,78,,,,,56,,
102,Tyreak Sapp,EDGE,Florida,Junior,6'3,272,4.76,101,87,88,90,,,,,57,,
153,John Michael Gyllenborg,TE,Wyoming,Senior,6'5,251,,160,,171,127,,,,,58,,
77,Drew Allar,QB,Penn State,Senior,6'5,235,4.9,122,110,165,98,,,,,59,,
503,Lee Hunter,DL,,,,,,,,30,40,,,,,60,,
22,T.J. Parker,EDGE,Clemson,Junior,6'3,265,4.65,23,14,21,23,,,24,,61,,
62,Deontae Lawson,LB,Alabama,Senior,6'2,228,4.6,48,48,78,49,,,,,62,,
157,Christian Gray,CB,Notre Dame,Junior,6'0,188,4.45,,217,,,,,,,63,,
26,Colton Hood,CB,Tennessee,Sophomore,6'0,195,4.43,29,25,24,26,,,21,,,,
32,Chris Johnson,CB,San Diego State,Senior,6'0,185,4.55,43,41,26,32,,,,,,,
34,Keith Abney II,CB,Arizona State,Junior,6'0,190,4.46,35,39,19,36,,,,,,,
58,Julian Neal,CB,Arkansas,Senior, 6'2,200,4.58,87,63,55,58,,,,,,,
59,Malik Muhammad,CB,Texas,Junior,6'0,198,4.47,108,64,63,61,,,,,,,
79,Davison Igbinosun,CB,Ohio State,Senior,6'2,195,4.34,148,120,40,66,,,,,,,
406,Devin Moore,CB,Florida,Senior,6'3,198,,339,,,70,,,,,,,
75,Chandler Rivers,CB,Duke,Senior,5'10,185,4.45,68,70,56,73,,,,,,,
112,Treydan Stukes,CB,Arizona,Senior,6'2,200,,266,,80,92,,,,,,,
109,Daylen Everette,CB,Georgia,Senior,6'1,190,4.34,73,78,,103,,,,,,,
118,Hezekiah Masses,CB,California,,,,,136,,76,104,,,,,,,
394,Xavier Scott,CB,Illinois,Senior,5'11,195,,106,91,,107,,,,,,,
91,Tacario Davis,CB,Washington,Senior,6'4,200,4.51,154,97,100,108,,,,,,,
123,Jermaine Mathews Jr.,CB,Ohio State,Junior,5'11,190,4.38,185,130,,137,,,,,,,
175,Thaddeus Dixon,CB,North Carolina,Senior,6'1,185,4.46,139,148,,139,,,,,,,
181,DJ Harvey,CB,USC,Senior,5'10,190,4.44,195,150,, ,,,,,,,
504,Kelley Jones,CB,,,,,,,,66,,,,,,,,
441,Preston Hodge,CB,,,,,,,209,73,,,,,,,,
125,Devon Marshall,CB,NC State,,,,,170,,77,,,,,,,,
188,Collin Wright,CB,Stanford,Senior,6'0,195,,361,,96,,,,,,,,
510,Jalen McMurray,CB,,,,,,,,117,,,,,,,,
511,Jadon Canady,CB,,,,,,,,121,,,,,,,,
40,TJ Hall,CB,Iowa,,,,,,,122,,,,,,,,
166,Brent Austin,CB,California,,,,,,,133,,,,,,,,
517,Cam Miller,CB,,,,,,,,144,,,,,,,,
187,Charles Demmings,CB,Stephen F. Austin,Senior,6'1,190,,363,,176,,,,,,,,
179,Josh Moten,CB,Southern Miss,Senior,6'0,185,4.43,212,145,,,,,,,,,
396,Jeadyn Lukas,CB,Clemson,Senior,6'2,200,,210,,,,,,,,,,
397,Raion Strader,CB,Pittsburg,,6'0,185,,218,,,,,,,,,,
398,Tyreek Chappell,CB,Texas A&M,Senior,5'11,180,,219,,,,,,,,,,
399,Jerry Wilson,CB,Florida State,Senior,5'10,185,,231,171,,,,,,,,,
400,Daniel Harris,CB,California,,6'3,195,,245,,,,,,,,,,
401,Stephen Hall,CB,Missouri,Senior,6'0,202,,283,,,,,,,,,,
402,Dashawn Jones,CB,Alabama,Senior,6'0,190,,302,,,,,,,,,,
404,Amari Jackson,CB,Maryland ,,5'11,190,,318,,,,,,,,,,
405,Marcus Allen,CB,North Carolina,Senior,6'2,190,,330,,,,,,,,,,
407,Toriano Pride Jr,CB,Missouri,Senior,5'11,188,,374,,,,,,,,,,
408,Avery Smith,CB,Toledo,Senior,5'10,185,,384,,,,,,,,,,
409,Ceyair Wright,CB,Nebraska,Senior,6'0,190,,393,,,,,,,,,,
410,Ricardo Hallman,CB,Wisconsin ,Graduated,5'10,190,,403,191,,,,,,,,,
426,Antonio Kite,CB,,,,,,,154,,,,,,,,,
430,Dijon Johnson,CB,,,,,,,181,,,,,,,,,
431,Ethan Conner,CB,,,,,,,184,,,,,,,,,
432,Jacobe Johnson,CB,,,,,,,187,,,,,,,,,
433,Tory Grimes,CB,,,,,,,190,,,,,,,,,
437,Damari Brown,CB,,,,,,,201,,,,,,,,,
438,Ja'Keem Jackson,CB,,,,,,,203,,,,,,,,,
439,Denver Harris,CB,,,,,,,205,,,,,,,,,
445,Fred Davis,CB,,,,,,,215,,,,,,,,,
450,Cormani McLain,CB,,,,,,,223,,,,,,,,,
453,Devonta Smith,CB,,,,,,,227,,,,,,,,,
455,Ceyair Wright,CB,,,,,,,230,,,,,,,,,
462,Avante Dickerson,CB,,,,,,,241,,,,,,,,,
463,Latrell McCutchin Sr.,CB,,,,,,,243,,,,,,,,,
464,Malcom Greene,CB,,,,,,,248,,,,,,,,,
468,Makari Vickers,CB,,,,,,,253,,,,,,,,,
471,Nyland Green,CB,,,,,,,260,,,,,,,,,
475,Karon Prunty,CB,,,,,,,266,,,,,,,,,
479,Jaylin Davies,CB,,,,,,,279,,,,,,,,,
485,DJ Graham II,CB,,,,,,,287,,,,,,,,,
489,Jeremiah Walker,CB,,,,,,,293,,,,,,,,,
495,Rodrick Pleasent,CB,,,,,,,303,,,,,,,,,
498,Damarius McGhee,CB,,,,,,,306,,,,,,,,,
500,Prophet Brown,CB,,,,,,,311,,,,,,,,,
501,Demorie Tate,CB,,,,,,,315,,,,,,,,,
17,Kayden McDonald,DL,Ohio State,Junior,6'3,326,5.15,21,21,17,17,15,,26,,,,
27,Christen Miller,DL,Georgia,Junior,6'4,305,4.9,30,22,25,28,,,34,,,,
57,Domonique Orange,DL,Iowa State,Senior,6'4,325,5.3,65,61,89,59,,,35,,,,
66,Dontay Corleone,DL,Cincinnati,Senior,6'1,335,5.1,59,31,126,80,,,,,,,
106,Ahmad Moten Sr.,DL,Miami (FL),Senior,6'3,324,,57,,114,96,,,,,,,
103,Tim Keenan III,DL,Alabama,Senior,6'2,320,5.2,129,108,134,97,,,,,,,
124,Gracen Halton,DL,Oklahoma,Senior,6'2,292,4.86,232,142,,118,,,,,,,
185,Skyler Gill-Howard,DL,Texas Tech,Senior,6'1,290,4.9,109,107,107,119,,,,,,,
131,Zxavian Harris,DL,Mississippi,Senior,6'8,330,,176,,97,124,,,,,,,
150,Albert Regis,DL,Texas A&M,Senior,6'1,317,4.85,119,124,,125,,,,,,,
391,Chris McClellon,DL,Missouri,Senior,6'4,323,,328,,132,126,,,,,,,
120,Zane Durant,DL,Penn State,Senior,6'1,294,4.66,200,131,111,128,,,,,,,
154,Landon Robinson,DL,Navy,Senior,6'0,287,,270,,, ,,,,,,,
178,Rayshaun Benny,DL,Michigan,Senior,6'4,305,4.9,205,143,, ,,,,,,,
388,Gary Smith,DL,UCLA,Senior,6'2,340,,263,,99,,,,,,,,
514,Tyler Onyedim,DL,,,,,,,,135,,,,,,,,
389,Cameron Ball,DL,Arkansas,Senior,6'5,323,,273,,146,,,,,,,,
519,Nick Barrett,DL,,,,,,,,154,,,,,,,,
521,Rayshaun Benny,DL,,,,,,,,163,,,,,,,,
523,Deven Eastern,DL,,,,,,,,168,,,,,,,,
41,Lee Hunter,DL,Texas Tech,Senior,6'4,325,5.2,53,60,,,,,,,,,
142,Bryson Eason,DL,Tennessee,Senior,6'3,310,5.1,,,,,,,,,,,
183,Cole Brevard,DL,Texas,Senior,6'3,346,,159,,,,,,,,,,
195,Keanu Tanuvasa,DL,BYU,,,,,,,,,,,,,,,
197,Aaron Graves,DL,Iowa,,,,,,125,,,,,,,,,
385,David Oke,DL,Arkansas,Senior,6'2,314,,138,113,,,,,,,,,
386,Keshawn Silver,DL,USC,Senior,6'4,330,,247,276,,,,,,,,,
387,Brandon Cleveland,DL,North Carolina,Senior,6'4,315,,256,,,,,,,,,,
390,Damonic Williams,DL,Oklahoma,Senior,6'1,323,,299,,,,,,,,,,
392,Deven Eastern,DL,Minnesota ,Senior,6'6,320,,335,,,,,,,,,,
393,Jacobian Guillory,DL,LSU,Graduated,6'2,318,,371,,,,,,,,,,
427,Devin Hobbs,DL,,,,,,,172,,,,,,,,,
436,Jordan Hall,DL,,,,,,,198,,,,,,,,,
440,Damari Lyons,DL,,,,,,,206,,,,,,,,,
448,Makis Deal,DL,,,,,,,221,,,,,,,,,
458,Keyon Ware-Hudson,DL,,,,,,,235,,,,,,,,,
461,Gabriel Rubio,DL,,,,,,,240,,,,,,,,,
469,Damon Payne,DL,,,,,,,257,,,,,,,,,
470,Clayton Smith,DL,,,,,,,258,,,,,,,,,
473,Johnathan Jefferson,DL,,,,,,,263,,,,,,,,,
476,Reggie Grimes II,DL,,,,,,,269,,,,,,,,,
490,Kevin Gilliam Jr.,DL,,,,,,,296,,,,,,,,,
491,Elliot Donald,DL,,,,,,,297,,,,,,,,,
494,Tywone Malone Jr.,DL,,,,,,,300,,,,,,,,,
502,Darnell Jeffries,DL,,,,,,,317,,,,,,,,,
483,Khordae Sydnor,DL/ED,,,,,,,284,,,,,,,,,
35,L.T. Overton,EDGE,Alabama,Senior,6'5,278,4.85,52,40,42,34,,,27,,,,
362,Jaishawn Barham,EDGE,Michigan,Senior,6'3,243,,103,,,,,,28,,,,
52,Joshua Josephs,EDGE,Tennessee,Senior,6'3,240,4.68,63,24,58,54,,,30,,,,
108,Anthony Lucas,EDGE,USC,Senior,6'5,285,4.85,69,76,68,81,,,,,,,
94,Malachi Lawrence,EDGE,UCF,Senior,6'4,250,4.78,149,111,46,105,,,,,,,
129,Mikail Kamara,EDGE,Indiana,Senior,6'1,265,4.8,99,93,,106,,,,,,,
88,Caden Curry,EDGE,Ohio State,Senior,6'3,260,4.78,349,88,113,116,,,,,,,
158,Trey Moore,EDGE,Texas,Senior,6'3,249,4.6,,,,131,,,,,,,
122,Max Llewellyn,EDGE,Iowa,Senior,6'5,263,,173,,,133,,,,,,,
117,Keyron Crawford,EDGE,Auburn,Senior,6'4,255,,300,,84,,,,,,,,
508,Jaheim Lawson,EDGE,,,,,,,,94,,,,,,,,
379,Ethan Burke,EDGE,Texas,Senior,6'6,259,,359,,104,,,,,,,,
366,Vincent Anthony Jr,EDGE,Duke,Senior,6'6,260,,196,139,131,,,,,,,,
363,Nadame Tucker,EDGE,Western Michigan,Senior,6'3,250,,152,,137,,,,,,,,
515,Jordan van den Berg,EDGE,,,,,,,,141,,,,,,,,
193,Jack Pyburn,EDGE,LSU,Senior,6'4,264,,281,,182,,,,,,,,
128,Patrick Payton,EDGE,LSU,Senior,6'6,255,,214,162,,,,,,,,,
138,Michael Kilbane,EDGE,Northwestern,,,,,,,,,,,,,,,
149,Dominic Bailey,EDGE,Tennessee,,,,,,,,,,,,,,,
167,Roy Williams,EDGE,Northern Illinois,Senior,6'6,257,,372,,,,,,,,,,
174,Jackson Kuwatch,EDGE,Miami (OH),,,,,,,,,,,,,,,
199,Teitum Tuioti,EDGE,Oregon,,,,,,,,,,,,,,,
364,George Gumbs Jr,EDGE,Florida,Senior,6'4,250,,164,,,,,,,,,,
365,TJ Guy,EDGE,Michigan,Graduated,6'4,250,,189,,,,,,,,,,
367,Eric O'Neil,EDGE,Rutgers,Senior,6'3,261,,220,169,,,,,,,,,
368,Logan Fano,EDGE,Utah,Junior,6'5,260,,221,,,,,,,,,,
369,Ben Bell,EDGE,Virginia Tech,Senior,6'1,235,,252,,,,,,,,,,
370,Jackie Marshall,EDGE,Baylor,Senior,6'3,306,,291,,,,,,,,,,
371,Tre Smith,EDGE,Arizona,Senior,6'5,262,,292,,,,,,,,,,
372,Dean Miller,EDGE,Kansas,Senior,6'5,240,,309,,,,,,,,,,
373,Mo Westmoreland,EDGE,Tulane,Senior,6'2,250,,316,,,,,,,,,,
374,Jimmori Robinson ,EDGE,West Virginia ,Senior,6'4,250,,323,,,,,,,,,,
375,Marvin Jones Jr,EDGE,Oklahoma,Senior,6'5,262,,329,,,,,,,,,,
376,Aiden Hubbard,EDGE,Northwestern ,Graduated,6'4,255,,336,,,,,,,,,,
377,Da'Shawn Womack,EDGE,Auburn,,6'5,265,,346,,,,,,,,,,
378,Will Whitson,EDGE,Mississippi State,Graduated,6'5,295,,348,,,,,,,,,,
380,Miles Capers,EDGE,Vanderbilt,Graduated,6'4,249,,378,,,,,,,,,,
381,Nyjalik Kelly,EDGE,UCF,Senior,6'5,250,,382,,,,,,,,,,
382,Trey White,EDGE,Texas Tech,,6'2,255,,387,,,,,,,,,,
383,Corey Walker,EDGE,Wisconsin ,Senior,6'5,290,,390,,,,,,,,,,
384,Kam Olds,EDGE,Kentucky ,Senior,6'4,252,,404,,,,,,,,,,
435,Dasan McCullough,EDGE,,,,,,,194,,,,,,,,,
443,Kamran Jones,EDGE,,,,,,,213,,,,,,,,,
454,Keaton Wade,EDGE,,,,,,,229,,,,,,,,,
456,Korey Foreman,EDGE,,,,,,,232,,,,,,,,,
460,Dylan Brooks,EDGE,,,,,,,239,,,,,,,,,
492,Cade Denhoff,EDGE,,,,,,,298,,,,,,,,,
499,Bryce Carter,EDGE,,,,,,,310,,,,,,,,,
411,Drew Stevens,K,Iowa,Senior,6'1,205,,413,,,,,,,,,,
412,Will Ferrin,K,BYU,Senior,6'3,175,,414,,,,,,,,,,
413,Trey Smack,K,Florida,,,,,,,,,,,,,,,
414,Dominic Zvada,K,Michigan,Senior,6'3,187,,415,189,,,,,,,,,
415,Peyton Woodring,K,Georgia,,,,,,,,,,,,,,,
416,Nicolas Radicic,K,Indiana,,,,,,,,,,,,,,,
417,Brock Taylor,K,Vanderbilt,,,,,,,,,,,,,,,
418,Conor Talty,K,Alabama,,,,,,,,,,,,,,,
419,Kansei Matsuzawa,K,Hawaii,,,,,,,,,,,,,,,
420,Robert Gunn,K,Clemson,,,,,,,,,,,,,,,
421,Alex McPherson,K,Auburn,,,,,,,,,,,,,,,
422,Will Bettridge,K,Virginia,,,,,,,,,,,,,,,
423,John Love,K,Virginia Tech,,,,,,,,,,,,,,,
51,Jake Golday,LB,Cincinnati,Senior,6'4,240,4.55,37,67,50,44,,,37,,,,
61,Josiah Trotter,LB,Missouri,Sophomore,6'2,237,4.61,62,55,,53,,,,,,,
92,Taurean York,LB,Texas A&M,Junior,5'10,227,4.58,82,62,64,69,,,,,,,
111,Jaishawn Barham,LB,Michigan,Senior,6'3,243,4.55,,96,65,85,,,,,,,
107,Lander Barton,LB,Utah,Senior,6'5,236,4.55,224,136,,91,,,,,,,
85,Jacob Rodriguez,LB,Texas Tech,Senior,6'1,230,4.7,93,80,82,101,,,,,,,
134,Aiden Fisher,LB,Indiana,Senior,6'1,231,,157,,,129,,,,,,,
145,Stanquan Clark,LB,Louisville,,,,,,,, ,,,,,,,
137,Red Murdock,LB,Buffalo,Senior,6'3,240,4.77,,135,90,,,,,,,,
355,Kaleb Elarms-Orr,LB,TCU,Senior,6'2,230,,360,,174,,,,,,,,
524,Alex Afari,LB,,,,,,,,178,,,,,,,,
359,Desmond Parnell,LB,Kansas State,Senior,6'0,232,,400,,181,,,,,,,,
165,Justin Jefferson,LB,Alabama,Senior,6'1,227,,401,,,,,,,,,,
168,Eric Gentry,LB,USC,Senior,6'6,225,4.56,264,216,,,,,,,,,
184,Bryce Boettcher,LB,Oregon,Senior,6'2,232,4.7,264,129,,,,,,,,,
349,Trey Moore,LB,Texas,Senior,6'3,249,,133,147,,,,,,,,,
350,Scooby Williams,LB,Texas A&M,Senior,6'2,230,,275,254,,,,,,,,,
351,Xavian Sorely Jr,LB,Arkansas,Senior,6'3,225,,282,226,,,,,,,,,
352,Wesley Bissainthe,LB,Miami (FL),Senior,6'1,,,301,,,,,,,,,,
353,Mohamed Toure,LB,Miami (FL),Graduated,6'2,,,338,,,,,,,,,,
354,Wade Woodaz,LB,Clemson,Senior,6'4,235,,350,,,,,,,,,,
356,Keyshaun Elliot,LB,Arizona State,Senior,6'2,235,,383,,,,,,,,,,
357,Jack Kelly,LB,BYU,Senior,6'2,242,,391,,,,,,,,,,
358,Jordan Pollard,LB,San Jose State,Senior,6'1,202,,395,,,,,,,,,,
360,Triston Newsom,LB,Missouri,Graduated,6'2,230,,406,,,,,,,,,,
361,Namdi Obiazor,LB,TCU,Senior,6'3,230,,412,,,,,,,,,,
425,Rayleon Wilson,LB,,,,,,,152,,,,,,,,,
428,Khalil Alexander,LB,,,,,,,178,,,,,,,,,
444,Michael Harris,LB,,,,,,,214,,,,,,,,,
449,Troy Bowles,LB,,,,,,,222,,,,,,,,,
451,Reid Carrico,LB,,,,,,,224,,,,,,,,,
452,Tony Rojas,LB,,,,,,,225,,,,,,,,,
459,Jason Henderson,LB,,,,,,,238,,,,,,,,,
467,Jaiden Ausberry,LB,,,,,,,251,,,,,,,,,
472,Prince Kollie,LB,,,,,,,261,,,,,,,,,
474,Demon Clowney,LB,,,,,,,265,,,,,,,,,
477,Stephen Dix Jr.,LB,,,,,,,271,,,,,,,,,
478,Shawn Murphy,LB,,,,,,,274,,,,,,,,,
480,Shad Banks Jr.,LB,,,,,,,280,,,,,,,,,
481,Keanu Koht,LB,,,,,,,281,,,,,,,,,
482,Raesjon Davis,LB,,,,,,,283,,,,,,,,,
486,Sam M'Pemba,LB,,,,,,,288,,,,,,,,,
487,Stephen Thompson,LB,,,,,,,290,,,,,,,,,
488,Paul Aguirre Jr. ,LB,,,,,,,292,,,,,,,,,
493,Ethan Calvert,LB,,,,,,,299,,,,,,,,,
466,Mitchell Melton,LB/ED,,,,,,,250,,,,,,,,,
36,Trinidad Chambliss,QB,Mississippi,Senior,6'1,200,4.45,67,99,129,50,,,,,,,
54,Cade Klubnik,QB,Clemson,Senior,6'2,210,4.65,120,72,148,121,,,,,,,
192,Miller Moss,QB,Louisville,Senior,6'2,210,4.85,216,151,, ,,,,,,,
222,Athan Kaliakmanis,QB,Rutgers,Senior,6'3,212,,240,,120,,,,,,,,
513,Jack Strand,QB,,,,,,,,128,,,,,,,,
218,Cole Payton,QB,North Dakota State,Senior,6'3,233,,209,,151,,,,,,,,
199,Jalon Daniels ,QB,Kansas,Senior,6'0,220,4.58,169,156,158,,,,,,,,
520,Kyle Walljasper,QB,,,,,,,,160,,,,,,,,
127,Taylen Green,QB,Arkansas,Senior,6'6,224,4.44,206,134,170,,,,,,,,
164,Diego Pavia,QB,Vanderbilt,Senior,6'0,207,4.59,178,77,172,,,,,,,,
155,Sawyer Robertson,QB,Baylor,Senior,6'4,220,4.85,204,140,177,,,,,,,,
201,Luke Altmyer,QB,Illinois ,Senior,6'2,205,4.75,202,159,180,,,,,,,,
200,Noah Fifta,QB,Arizona,Junior,5'10,186,4.75,,158,,,,,,,,,
202,Conner Wegman,QB,Houston,Junior,6'3,210,4.85,,161,,,,,,,,,
203,Kevin Jennings,QB,SMU,Junior,6'0,192,4.6,,164,,,,,,,,,
204,Gunner Stockton,QB,Georgia,Junior,6'1,215,4.65,,165,,,,,,,,,
205,Joey Aguilar,QB,Tennesse,Senior,6'3,225,4.85,,174,,,,,,,,,
206,Hayes King,QB,Georgia Tech,Senior,6'3,215,4.45,,193,,,,,,,,,
206,Kyron Jones,QB,Virginia Tech,Senior,6'2,235,4.72,239,208,,,,,,,,,
207,Tyler Van Dyke,QB,SMU,Senior,6'4,230,4.85,385,234,,,,,,,,,
208,Preston Stone,QB,Northwestern,Senior,6'1,215,4.9,,237,,,,,,,,,
209,Kaiden Salter,QB,Colorado ,Senior,6'1,190,4.5,394,255,,,,,,,,,
210,Blake Shapen ,QB,Mississippi State,Senior,6'1,210,4.76,352,256,,,,,,,,,
211,Sam Huard,QB,USC,Senior,6'1,210,4.85,,259,,,,,,,,,
212,Mathew Stuka,QB,James Madison,Senior ,6'2,211,4.8,,268,,,,,,,,,
213,Zach Calzada,QB,Kentucky,Senior ,6'4,230,4.75,407,273,,,,,,,,,
214,Jeff Sims,QB,Arizona State,Senior,6'4,220,4.78,,285,,,,,,,,,
215,Hank Brown,QB,Iowa,Sophomore,6'4,215,4.85,,294,,,,,,,,,
216,Drew Payne,QB,Bowling Green,Senior,6'0,200,4.68,,312,,,,,,,,,
217,Dylan Morris,QB,James Madison,Senior,6'1,202,4.85,,316,,,,,,,,,
219,Tommy Castellanos,QB,Florida State,Senior,5'11,201,,211,,,,,,,,,,
220,Jake Retzlaff,QB,Tulane,Senior,6'1,205,,226,,,,,,,,,,
221,Joe Fagnano,QB,UCONN,Graduated,6'4,225,,236,,,,,,,,,,
223,Behring Morton,QB,Texas Tech,Senior,6'2,210,,259,,,,,,,,,,
224,Grayson James,QB,Boston College,Senior,6'3,218,,286,,,,,,,,,,
225,Mark Gronowski,QB,Iowa,Graduated,6'2,235,,293,,,,,,,,,,
226,Walter Eget,QB,San Jose State,Senior,6'3,223,,294,,,,,,,,,,
227,Maverick McIvor,QB,Western Kentucky,Graduated,6'2,214,,320,,,,,,,,,,
228,Chase Mason,QB,South Dakota State,Senior,6'4,240,,376,,,,,,,,,,
55,Jonah Coleman,RB,Washington,Senior,5'9,228,4.5,80,36,49,65,,,,,,,
71,Emmett Johnson,RB,Nebraska,Junior,5'11,200,4.52,85,71,52,77,,,,,,,
96,Kaytron Allen,RB,Penn State,Senior,5'11,217,4.55,116,83,109,83,,,,,,,
173,J'Mari Taylor,RB,Virginia,Senior,5'9,204,4.39,140,118,,134,,,,,,,
518,Robert Henry,RB,,,,,,,,152,,,,,,,,
230,Desmond Reid,RB,Pittsburg ,Senior,5'8,175,4.38,171,163,153,,,,,,,,
180,Jamarion Miller,RB,Alabama,Senior,5'10,221,,242,,156,,,,,,,,
229,Jaydn Ott,RB,Oklahoma,Senior,5'11,208,,162,132,173,,,,,,,,
171,Adam Randall,RB,Clemson,Senior,6'2,235,,,,175,,,,,,,,
135,Mike Washington Jr.,RB,Arkansas,Senior,6'2,223,4.45,135,106,,,,,,,,,
140,Barika Kpeenu,RB,North Dakota State,,,,,,,,,,,,,,,
190,Seth McGowan,RB,Kentucky,Junior,6'1,220,4.55,98,,,,,,,,,,
196,Le'Veon Moss,RB,Texas A&M,Senior,5'11,210,4.42,150,141,,,,,,,,,
231,Roman Hemby,RB,Indiana,Senior,6'0,210,,190,219,,,,,,,,,
232,Terion Stewart,RB,Virginia Tech,Graduated,5'9,222,,194,127,,,,,,,,,
233,Rahsual Faison,RB,South Carolina,Graduated,6'0,218,,198,,,,,,,,,,
234,Kaelon Black,RB,Indiana,Senior,5'10,211,,207,,,,,,,,,,
235,Chip Trayanum,RB,Toledo,Senior ,5'11,227,,230,,,,,,,,,,
236,Jamal Haynes,RB,Georgia Tech,Senior,5'9,190,4.48,235,173,,,,,,,,,
237,Noah Whittington,RB,Oregon,Senior,5'8,203,,253,,,,,,,,,,
238,Dean Conners,RB,Houston,Senior,6'0,206,,257,,,,,,,,,,
239,Mel Brown,RB,Colorado State,,5'9,180,,268,,,,,,,,,,
240,CJ Donaldson,RB,Ohio State,Senior ,6'2,232,,277,,,,,,,,,,
241,Logan Diggs,RB,Ole Miss,Senior,6'0,220,,287,,,,,,,,,,
242,AI-Jay Henderson,RB,Buffalo,Senior,5'10,216,,304,,,,,,,,,,
243,Devin Mockobee,RB,Purdue,Senior,6'0,202,,321,,,,,,,,,,
244,Roydell Williams,RB,Florida State,Senior,5'10,223,,332,210,,,,,,,,,
245,Kentrell Bullock,RB,South Alabama,Senior,5'10,205,,337,,,,,,,,,,
246,Anthony Hankerson,RB,Oregon State,Senior,5'8,206,,341,,,,,,,,,,
247,Angel Johnson,RB,Washington State,Senior,5'9,192,,353,,,,,,,,,,
248,Davon Booth,RB,Mississippi State,Graduated,5'10,205,,364,,,,,,,,,,
249,Jaquez Moore,RB,Duke,Senior,5'10,205,,377,,,,,,,,,,
250,Cash Jones,RB,Oregon State,Senior,5'11,195,,386,,,,,,,,,,
251,Quinten Joyner,RB,Texas Tech,Sophomore,5'11,205,4.47,,155,,,,,,,,,
252,Trey Holly,RB,Southern U,Sophomore,5'7,192,4.42,,196,,,,,,,,,
253,Rueben Owens II,RB,Texas A&M,Sophomore,5'11,215,4.38,,197,,,,,,,,,
254,Branson Robinson,RB,Georgia State,Junior,5'10,211,4.55,,228,,,,,,,,,
256,Armoni Goodwin,RB,Utah Martin,Senior,5'8,195,4.42,,244,,,,,,,,,
257,Byron Caldwell Jr,RB,San Diego State,Senior,6'0,215,4.5,,262,,,,,,,,,
258,Trey Cooley,RB,Georgia Tech,Senior,5'10,205,4.5,,277,,,,,,,,,
259,LJ Johnson,RB,Cal,Senior,5'10,215,4.33,,278,,,,,,,,,
260,Jalen Berger,RB,UCLA,Senior,6'1,215,4.58,,291,,,,,,,,,
261,Alton McCaskill,RB,Sam Houston,Junior,6'1,205,4.48,,302,,,,,,,,,
262,Derrick Davis Jr,RB,Pittsburg ,Senior,6'0,210,4.56,,308,,,,,,,,,
42,Emmanuel McNeil-Warren,S,Toledo,Senior,6'2,202,4.52,51,56,33,38,,,38,,,,
47,A.J. Haulcy,S,LSU,Senior,6'0,222,4.55,41,49,43,43,,,,,,,
63,Keionte Scott,S,Miami (FL),Senior,6'0,192,4.44,54,58,29,52,,,,,,,
56,Zakee Wheatley,S,Penn State,Senior,6'2,200,4.4,96,59,81,68,,,,,,,
95,Genesis Smith,S,Arizona,Junior,6'2,202,4.5,107,75,44,74,,,,,,,
89,Jalon Kilgore,S,South Carolina,Junior,6'1,211,4.48,,95,95,86,,,,,,,
110,Louis Moore,S,Indiana,,,,,,,,113,,,,,,,
121,Michael Taaffe,S,Texas,Senior,6'0,189,4.55,121,46,,117,,,,,,,
136,Bishop Fitzgerald,S,USC,Senior,5'11,205,4.42,158,92,,136,,,,,,,
72,Carter Davis,S,Boston College,,,,,,,, ,,,,,,,
509,Alex McLaughlin,S,,,,,,,,106,,,,,,,,
424,Jakobe Thomas,S,,,,,,,103,149,,,,,,,,
442,Deuce Chester,S,,,,,,,211,179,,,,,,,,
86,Xavier Scott,S,Illinois,Senior,5'11,190,4.52,,,,,,,,,,,
105,DeShon Singleton,S,Nebraska,,,,,,,,,,,,,,,
130,Dalton Johnson,S,Arizona,,,,,,,,,,,,,,,
133,Bud Clark,S,TCU,Senior,6'2,185,4.48,184,144,,,,,,,,,
162,Cole Wisniewski,S,Texas Tech,Senior,6'4,220,,192,,,,,,,,,,
163,Jamel Johnson,S,TCU,,,,,,,,,,,,,,,
176,Austin Brown,S,Wisconsin,Senior,6'1,216,,267,,,,,,,,,,
186,VJ Payne,S,Kansas State,Senior,6'3,208,,241,,,,,,,,,,
191,Xavier Nwankpa,S,Iowa,Senior,6'2,213,,250,133,,,,,,,,,
332,Jalen Stroman,S,Notre Dame,Senior,6'1,201,,131,114,,,,,,,,,
333,Isaiah Nwokobia,S,SMU,Senior,6'1,205,,172,,,,,,,,,,
334,Robert Spears Jennings,S,Oklahoma,Senior,6'0,213,,177,168,,,,,,,,,
335,Jalen Catalonia,S,Missouri,Graduated,5'10,200,,215,185,,,,,,,,,
336,Peyton Bowen,S,Oklahoma,Junior,6'0,201,,225,170,,,,,,,,,
337,Nikai Martinez,S,Michigan State,Senior,5'11,195,,276,,,,,,,,,,
338,Jalen Husker,S,Maryland ,Senior,6'2,201,,284,,,,,,,,,,
339,Ahmaad Moses,S,SMU,Senior,5'10,205,,303,182,,,,,,,,,
340,Gunner Maldonado,S,Kansas State,Senior,5'11,193,,311,,,,,,,,,,
341,Kendal Daniels,S,Oklahoma,Senior,6'5,242,,317,242,,,,,,,,,
342,DQ Smith,S,South Carolina,Senior,6'1,219,,319,,,,,,,,,,
343,JJ Johnson,S,North Carolina,Graduated,5'10,200,,331,,,,,,,,,,
344,Shyheim Brown,S,Florida State,Senior,6'2,201,,340,,,,,,,,,,
345,Phillip Dunham,S,UCF,Senior,6'1,190,,351,,,,,,,,,,
346,Kendal Dolby,S,Mississippi State,,5'11,194,,362,,,,,,,,,,
347,Jay Green ,S,Stanford,Junior,6'3,215,,367,,,,,,,,,,
348,Jayden Williams,S,UCF,Senior,5'11,185,,402,,,,,,,,,,
429,Isaac Smith,S,,,,,,,179,,,,,,,,,
434,Jaylon Braxton,S,,,,,,,192,,,,,,,,,
446,Malik Spencer,S,,,,,,,220,,,,,,,,,
457,Sage Ryan,S,,,,,,,233,,,,,,,,,
465,Tyreek Chappell,S,,,,,,,249,,,,,,,,,
484,Key Lawrence,S,,,,,,,286,,,,,,,,,
496,David Daniel Sisavah,S,,,,,,,304,,,,,,,,,
497,Lorenzo Styles,S,,,,,,,305,,,,,,,,,
69,Eli Stowers,TE,Vanderbilt,Senior,6'4,235,4.55,50,54,102,62,,,,,,,
,Jamari Johnson,TE,,,,,,,,,63,,,,,,,
73,Michael Trigg,TE,Baylor,Senior,6'4,240,4.7,75,100,87,67,,,,,,,
90,Jack Endries,TE,Texas,Junior,6'4,240,4.68,123,84,127,84,,,,,,,
507,Joe Royer,TE,,,,,,,,92,93,,,,,,,
141,Dallen Bentley,TE,Utah,Senior,6'4,259,,237,,38,100,,,,,,,
83,Justin Joly,TE,NC State,Senior,6'3,251,4.75,89,86,98,102,,,,,,,
99,Oscar Delp,TE,Georgia,Senior,6'5,245,4.52,167,137,36,111,,,,,,,
146,Dae'Quan Wright,TE,Mississippi,Senior,6'4,255,,155,,116,138,,,,,,,
505,Dan Villarreal,TE,,,,,,,,71,,,,,,,,
307,Sam Roush,TE,Stanford,Senior,6'5,260,,104,123,124,,,,,,,,
308,Josh Cuevas,TE,Alabama,Senior,6'3,256,,115,160,125,,,,,,,,
189,Miles Kitselman,TE,Tennessee,Senior,6'5,265,4.75,146,149,136,,,,,,,,
152,Marlin Klein,TE,Michigan,Senior,6'6,250,,111,,138,,,,,,,,
516,Lance Mason,TE,,,,,,,,142,,,,,,,,
315,Carson Ryan,TE,BYU,Senior,6'4,250,,249,,155,,,,,,,,
139,Tanner Koziol,TE,Houston,Senior,6'7,240,4.76,153,117,162,,,,,,,,
309,Nate Boerkircher,TE,Texas A&M,Graduated,6'4,250,,174,,166,,,,,,,,
522,DJ Rogers,TE,,,,,,,,167,,,,,,,,
525,Will Kacmerek,TE,,,,,,,,183,,,,,,,,
87,Joe Royer,TE,Cincinnati,Senior,6'5,250,4.65,117,82,  ,,,,,,,,
160,Tanner Arkin,TE,Illinois,Senior,6'4,265,,313,,,,,,,,,,
161,Lawson Luckie,TE,Georgia,Junior,6'4,240,4.65,,176,,,,,,,,,
169,Brett Norfleet,TE,Missouri,Junior,6'6,263,4.66,,175,,,,,,,,,
170,Jameson Geers,TE,Minnesota,,,,,,,,,,,,,,,
310,Lake McRee,TE,USC,Senior,6'4,250,,197,,,,,,,,,,
312,Riley Nowakowski,TE,Indiana,Senior,6'2,249,,222,,,,,,,,,,
313,Jaren Kanak,TE,Oklahoma,Senior,6'2,233,,233,153,,,,,,,,,
314,RJ Maryland,TE,SMU,Senior,6'4,240,,246,,,,,,,,,,
316,Jack Velling,TE,Michigan State,Senior,6'5,245,,255,183,,,,,,,,,
317,Jeremiah Franklin,TE,Boston College,Senior,6'3,244,,278,,,,,,,,,,
318,Seydou Traore,TE,Mississippi State,Senior,6'4,235,,289,,,,,,,,,,
319,Bauer Sharp,TE,LSU,Senior,6'5,246,,306,,,,,,,,,,
320,Rohan Jones,TE,Arkansas,Senior,6'3,242,,324,,,,,,,,,,
321,Mathew Hibernian,TE,SMU,Graduated,6'5,252,,344,,,,,,,,,,
322,Amari Niblack,TE,Texas A&M,Senior,6'3,235,,355,,,,,,,,,,
323,Ethan Conner,TE,Troy,Senior,6'4,245,,,,,,,,,,,,
324,Chamon Metayer,TE,Arizona State,Senior,6'4,255,,380,,,,,,,,,,
325,Matt Lauter,TE,Boise State,Senior,6'3,245,,388,,,,,,,,,,
326,Luke Hasz,TE,Ole Miss,Junior,6'3,250,4.68,396,195,,,,,,,,,
327,Caleb Fauria,TE,Delaware,Graduated,6'5,245,,398,,,,,,,,,,
328,Shamar Easter,TE,North Carolina,Freshman,6'5,215,4.58,,186,,,,,,,,,
329,Ty Thompson,TE,Tulane,Senior,6'4,224,4.7,,236,,,,,,,,,
330,Sav'ell Smalls,TE,Colorado,Senior,6'3,265,4.58,,267,,,,,,,,,
331,Jaleel Skinner,TE,Louisville,Junior,6'5,230,4.48,,272,,,,,,,,,
43,Zachariah Branch,WR,Georgia,Junior,5'10,180,4.35,86,94,,41,19,,33,,,,
39,Elijah Sarratt,WR,Indiana,Senior,6'2,209,4.6,66,35,41,39,,,,,,,
45,Chris Brazzell,WR,Tennessee,Junior,6'5,200,4.48,76,30,45,42,,,,,,,
65,Omar Cooper Jr.,WR,Indiana,Junior,6'0,201,4.49,60,68,53,57,,,,,,,
81,Skyler Bell,WR,UConn,Senior,6'0,185,4.43,81,69,54,88,,,,,,,
97,C.J. Daniels,WR,Miami (FL),Senior,6'2,205,4.44,74,104,112,95,,,,,,,
104,Brenen Thompson,WR,Mississippi State,Senior,5'9,170,4.34,175,128,93,110,,,,,,,
143,Eric Rivers,WR,Georgia Tech,Senior,5'11,180,4.38,126,105,150,112,,,,,,,
273,Noah Thomas,WR,Georgia,Senior,6'5,205,4.45,191,218,,114,,,,,,,
114,Ted Hurst,WR,Georgia State,Senior,6'3,185,4.48,145,121,67,115,,,,,,,
147,Kevin Coleman Jr.,WR,Missouri,Senior,5'11,180,4.4,179,119,70,120,,,,,,,
159,Eric McAlister,WR,TCU,Senior,6'3,205,4.52,,138,130,122,,,,,,,
132,Bryce Lance,WR,North Dakota State,Senior,6'3,209,4.6,134,98,85,123,,,,,,,
126,Lewis Bond,WR,Boston College,Senior,5'11,190,,288,,79,,,,,,,,
506,Jordan Hudson,WR,,,,,,,,91,,,,,,,,
172,Harrison Wallace III,WR,Mississippi,Senior,6'1,200,,269,,105,,,,,,,,
144,Josh Cameron,WR,Baylor,Senior,6'1,224,,199,,110,,,,,,,,
293,Reggie Virgil,WR,Texas Tech,Senior,6'3,190,,238,,115,,,,,,,,
512,Michael Wortham,WR,,,,,,,,123,,,,,,,,
291,Caleb Douglas,WR,Texas Tech,Senior,6'4,205,,188,,157,,,,,,,,
274,Caulin Lacy,WR,Louisville ,Senior,5'10,190,4.45,285,231,159,,,,,,,,
304,Romello Brinson,WR,SMU,Senior,6'2,190,,397,,161,,,,,,,,
302,Vinny Anthony,WR,Wisconsin ,Senior,6'0,190,,375,,165,,,,,,,,
264,Barion Brown,WR,LSU,Senior,5'11,185,4.28,327,167,169,,,,,,,,
119,Kaden Wetjen,WR,Iowa,,,,,,,,,,,,,,,
151,Nyziah Hunter,WR,Nebraska,Sophomore,6'1,205,4.45,,313,,,,,,,,,
156,Trebor Pena,WR,Penn State,Senior,5'10,186,4.52,223,157,,,,,,,,,
177,J.Michael Sturdivant,WR,Florida,Senior,6'3,213,4.38,193,177,,,,,,,,,
182,Dane Key,WR,Nebraska,Senior,6'3,210,4.5,182,146,,,,,,,,,
194,Eli Heidenreich,WR,Navy,,,,,,,,,,,,,,,
198,Jaden Greathouse,WR,Notre Dame,Junior,6'1,212,4.55,,112,,,,,,,,,
262,Chase Roberts,WR,BYU,Senior,6'4,210,4.5,156,122,,,,,,,,,
263,De'Zhaun Stribling,WR,Ole Miss,Senior,6'2,200,4.52,110,166,,,,,,,,,
265,Hykeem Williams,WR,Colorado,Junior,6'2,220,4.32,,180,,,,,,,,,
266,London Humphrey,WR,Georgia,Junior,6'2,200,4.4,,188,,,,,,,,,
267,Jalil Farooq,WR,Maryland,Senior,6'2,213,4.49,,199,,,,,,,,,
268,Raymond Cottrell,WR,Texas A&M,Freshman,6'3,210,4.56,,200,,,,,,,,,
269,Jaquaize Pettaway,WR,East Carolina,Junior,6'0,194,4.37,,202,,,,,,,,,
270,Colby Young,WR,Georgia,Senior,6'3,215,4.6,312,204,,,,,,,,,
271,Kendrick Law,WR,Kentucky ,Senior,6'0,205,4.42,,207,,,,,,,,,
272,Ayden Williams,WR,Mississippi State,Junior,6'3,205,4.65,,212,,,,,,,,,
275,Christian Leary,WR,Western Michigan,Senior,5'10,180,4.4,,245,,,,,,,,,
276,Jojo Earle,WR,UNLV,Senior,5'10,185,4.39,,246,,,,,,,,,
277,Dacari Collins,WR,Louisville,Senior,6'4,215,4.51,,247,,,,,,,,,
278,Squirrel White,WR,Florida Stare,Senior,5'10,170,4.28,260,252,,,,,,,,,
279,Jaden Bray,WR,West Virginia ,Senior,6'2,209,4.46,,264,,,,,,,,,
280,EJ Williams,WR,Indiana,Senior,6'4,203,4.49,,270,,,,,,,,,
281,Jerand Bradley,WR,Kansas State,Senior,6'5,223,4.5,,275,,,,,,,,,
282,Deion Colzie,WR,Miami Ohio,Senior,6'4,211,4.46,,282,,,,,,,,,
283,Jayden Ballard,WR,Wisconsin ,Senior,6'2,205,4.48,,289,,,,,,,,,
284,Jared Brown,WR,South Carolina,Senior,6'0,195,4.5,,295,,,,,,,,,
285,Cody Jackson,WR,Tarleton State,Junior,6'0,175,4.44,,301,,,,,,,,,
286,Chris Hilton Jr,WR,LSU,Senior,6'0,190,4.35,305,307,,,,,,,,,
287,Rara Thomas,WR,Troy,Senior,6'2,208,4.4,,309,,,,,,,,,
288,Ryan Niblet,WR,Texas,Sophomore,5'10,187,4.3,,311,,,,,,,,,
289,Micah Pittman,WR,Utah,Senior,6'0,205,4.55,,314,,,,,,,,,
290,Zavion Thomas,WR,LSU,Senior,5'10,192,,166,,,,,,,,,,
292,Dillon Bell,WR,Georgia,Senior,6'1,210,,229,,,,,,,,,,
294,Hank Beatty,WR,Illinois,Senior,5'11,185,,265,,,,,,,,,,
295,Donovan Greene,WR,Virginia Tech,Graduated,6'2,196,,295,,,,,,,,,,
296,Devonte Ross,WR,Penn State,Senior,5'10,170,,322,,,,,,,,,,
297,Jahmal Edrine,WR,Virginia,Senior,6'3,221,,342,,,,,,,,,,
298,Malik Rutherford ,WR,Georgia Tech,Senior,5'9,170,,343,,,,,,,,,,
299,Kobe Prentice,WR,Baylor,Senior,5'11,190,,354,,,,,,,,,,
300,Jalen Walthall,WR,Incarnate Word,Senior,6'2,180,,365,,,,,,,,,,
301,Jordan Mosley,WR,Mississippi State,Senior,6'0,195,,373,,,,,,,,,,
303,Max Tomczak,WR,Youngstown State,Senior,6'0,195,,379,,,,,,,,,,
305,Ja'Mori Mackin,WR,Kentucky ,Senior,5'11,191,,408,,,,,,,,,,
306,DT Sheffield ,WR,Rutgers,Senior,5'10,175,,411,,,,,,,,,,
,,,,,,,,,,,,,,,,,,
,,,,,,,,,,,,,,,,,,
,,,,,,,,,,,,,,,,,,
,,,,,,,,,,,,,,,,,,
,,,,,,,,,,,,,,,,,,
,,,,,,,,,,,,,,,,,,
,,,,,,,,,,,,,,,,,,
,,,,,,,,,,,,,,,,,,
,,,,,,,,,,,,,,,,,,
,,,,,,,,,,,,,,,,,,
,,,,,,,,,,,,,,,,,,
,,,,,,,,,,,,,,,,,,
,,,,,,,,,,,,,,,,,,
,,,,,,,,,,,,,,,,,,
,,,,,,,,,,,,,,,,,,
,,,,,,,,,,,,,,,,,,
,,,,,,,,,,,,,,,,,,
,,,,,,,,,,,,,,,,,,
,,,,,,,,,,,,,,,,,,
,,,,,,,,,,,,,,,,,,
,,,,,,,,,,,,,,,,,,
,,,,,,,,,,,,,,,,,,
,,,,,,,,,,,,,,,,,,
,,,,,,,,,,,,,,,,,,
,,,,,,,,,,,,,,,,,,
,,,,,,,,,,,,,,,,,,
,,,,,,,,,,,,,,,,,,
,,,,,,,,,,,,,,,,,,
,,,,,,,,,,,,,,,,,,
,,,,,,,,,,,,,,,,,,
,,,,,,,,,,,,,,,,,,
,,,,,,,,,,,,,,,,,,
,,,,,,,,,,,,,,,,,,
,,,,,,,,,,,,,,,,,,
,,,,,,,,,,,,,,,,,,
,,,,,,,,,,,,,,,,,,
,,,,,,,,,,,,,,,,,,
,,,,,,,,,,,,,,,,,,
,,,,,,,,,,,,,,,,,,
,,,,,,,,,,,,,,,,,,
,,,,,,,,,,,,,,,,,,
,,,,,,,,,,,,,,,,,,
,,,,,,,,,,,,,,,,,,
,,,,,,,,,,,,,,,,,,
,,,,,,,,,,,,,,,,,,
,,,,,,,,,,,,,,,,,,
,,,,,,,,,,,,,,,,,,
,,,,,,,,,,,,,,,,,,
,,,,,,,,,,,,,,,,,,
,,,,,,,,,,,,,,,,,,
,,,,,,,,,,,,,,,,,,
,,,,,,,,,,,,,,,,,,
,,,,,,,,,,,,,,,,,,
,,,,,,,,,,,,,,,,,,
,,,,,,,,,,,,,,,,,,
,,,,,,,,,,,,,,,,,,
,,,,,,,,,,,,,,,,,,
,,,,,,,,,,,,,,,,,,
,,,,,,,,,,,,,,,,,,
,,,,,,,,,,,,,,,,,,
,,,,,,,,,,,,,,,,,,
,,,,,,,,,,,,,,,,,,
,,,,,,,,,,,,,,,,,,
,,,,,,,,,,,,,,,,,,
,,,,,,,,,,,,,,,,,,
,,,,,,,,,,,,,,,,,,
,,,,,,,,,,,,,,,,,,
,,,,,,,,,,,,,,,,,,
,,,,,,,,,,,,,,,,,,
,,,,,,,,,,,,,,,,,,
,,,,,,,,,,,,,,,,,,
,,,,,,,,,,,,,,,,,,
,,,,,,,,,,,,,,,,,,
,,,,,,,,,,,,,,,,,,
,,,,,,,,,,,,,,,,,,
,,,,,,,,,,,,,,,,,,
,,,,,,,,,,,,,,,,,,
,,,,,,,,,,,,,,,,,,
,,,,,,,,,,,,,,,,,,
,,,,,,,,,,,,,,,,,,
,,,,,,,,,,,,,,,,,,
,,,,,,,,,,,,,,,,,,
,,,,,,,,,,,,,,,,,,
,,,,,,,,,,,,,,,,,,
,,,,,,,,,,,,,,,,,,
,,,,,,,,,,,,,,,,,,
,,,,,,,,,,,,,,,,,,
,,,,,,,,,,,,,,,,,,
,,,,,,,,,,,,,,,,,,
,,,,,,,,,,,,,,,,,,
,,,,,,,,,,,,,,,,,,
,,,,,,,,,,,,,,,,,,
,,,,,,,,,,,,,,,,,,
,,,,,,,,,,,,,,,,,,
,,,,,,,,,,,,,,,,,,
,,,,,,,,,,,,,,,,,,
,,,,,,,,,,,,,,,,,,
,,,,,,,,,,,,,,,,,,
,,,,,,,,,,,,,,,,,,
,,,,,,,,,,,,,,,,,,
,,,,,,,,,,,,,,,,,,
,,,,,,,,,,,,,,,,,,
,,,,,,,,,,,,,,,,,,
,,,,,,,,,,,,,,,,,,
,,,,,,,,,,,,,,,,,,
,,,,,,,,,,,,,,,,,,
,,,,,,,,,,,,,,,,,,
,,,,,,,,,,,,,,,,,,
,,,,,,,,,,,,,,,,,,
,,,,,,,,,,,,,,,,,,
,,,,,,,,,,,,,,,,,,
,,,,,,,,,,,,,,,,,,
,,,,,,,,,,,,,,,,,,
,,,,,,,,,,,,,,,,,,
,,,,,,,,,,,,,,,,,,
,,,,,,,,,,,,,,,,,,
,,,,,,,,,,,,,,,,,,
,,,,,,,,,,,,,,,,,,
,,,,,,,,,,,,,,,,,,
,,,,,,,,,,,,,,,,,,
,,,,,,,,,,,,,,,,,,
,,,,,,,,,,,,,,,,,,
,,,,,,,,,,,,,,,,,,
,,,,,,,,,,,,,,,,,,
,,,,,,,,,,,,,,,,,,
,,,,,,,,,,,,,,,,,,
,,,,,,,,,,,,,,,,,,
,,,,,,,,,,,,,,,,,,
,,,,,,,,,,,,,,,,,,
,,,,,,,,,,,,,,,,,,
,,,,,,,,,,,,,,,,,,
,,,,,,,,,,,,,,,,,,
,,,,,,,,,,,,,,,,,,
,,,,,,,,,,,,,,,,,,
,,,,,,,,,,,,,,,,,,
,,,,,,,,,,,,,,,,,,
,,,,,,,,,,,,,,,,,,
,,,,,,,,,,,,,,,,,,
,,,,,,,,,,,,,,,,,,
,,,,,,,,,,,,,,,,,,
,,,,,,,,,,,,,,,,,,
,,,,,,,,,,,,,,,,,,
,,,,,,,,,,,,,,,,,,
,,,,,,,,,,,,,,,,,,
,,,,,,,,,,,,,,,,,,
,,,,,,,,,,,,,,,,,,
,,,,,,,,,,,,,,,,,,
,,,,,,,,,,,,,,,,,,
,,,,,,,,,,,,,,,,,,
,,,,,,,,,,,,,,,,,,
,,,,,,,,,,,,,,,,,,
,,,,,,,,,,,,,,,,,,
,,,,,,,,,,,,,,,,,,
,,,,,,,,,,,,,,,,,,
,,,,,,,,,,,,,,,,,,
,,,,,,,,,,,,,,,,,,
,,,,,,,,,,,,,,,,,,
,,,,,,,,,,,,,,,,,,
,,,,,,,,,,,,,,,,,,
,,,,,,,,,,,,,,,,,,
,,,,,,,,,,,,,,,,,,
,,,,,,,,,,,,,,,,,,
,,,,,,,,,,,,,,,,,,
,,,,,,,,,,,,,,,,,,
,,,,,,,,,,,,,,,,,,
,,,,,,,,,,,,,,,,,,
,,,,,,,,,,,,,,,,,,
,,,,,,,,,,,,,,,,,,
,,,,,,,,,,,,,,,,,,
,,,,,,,,,,,,,,,,,,
,,,,,,,,,,,,,,,,,,
,,,,,,,,,,,,,,,,,,
,,,,,,,,,,,,,,,,,,
,,,,,,,,,,,,,,,,,,
,,,,,,,,,,,,,,,,,,
,,,,,,,,,,,,,,,,,,
,,,,,,,,,,,,,,,,,,
,,,,,,,,,,,,,,,,,,
,,,,,,,,,,,,,,,,,,
,,,,,,,,,,,,,,,,,,
,,,,,,,,,,,,,,,,,,
,,,,,,,,,,,,,,,,,,
,,,,,,,,,,,,,,,,,,
,,,,,,,,,,,,,,,,,,
,,,,,,,,,,,,,,,,,,
,,,,,,,,,,,,,,,,,,
,,,,,,,,,,,,,,,,,,
,,,,,,,,,,,,,,,,,,
,,,,,,,,,,,,,,,,,,
,,,,,,,,,,,,,,,,,,
,,,,,,,,,,,,,,,,,,
,,,,,,,,,,,,,,,,,,
,,,,,,,,,,,,,,,,,,
,,,,,,,,,,,,,,,,,,
,,,,,,,,,,,,,,,,,,
,,,,,,,,,,,,,,,,,,
,,,,,,,,,,,,,,,,,,
,,,,,,,,,,,,,,,,,,
,,,,,,,,,,,,,,,,,,
,,,,,,,,,,,,,,,,,,
,,,,,,,,,,,,,,,,,,
,,,,,,,,,,,,,,,,,,
,,,,,,,,,,,,,,,,,,
,,,,,,,,,,,,,,,,,,
,,,,,,,,,,,,,,,,,,
,,,,,,,,,,,,,,,,,,
,,,,,,,,,,,,,,,,,,
,,,,,,,,,,,,,,,,,,
,,,,,,,,,,,,,,,,,,
,,,,,,,,,,,,,,,,,,
,,,,,,,,,,,,,,,,,,
,,,,,,,,,,,,,,,,,,
,,,,,,,,,,,,,,,,,,
,,,,,,,,,,,,,,,,,,
,,,,,,,,,,,,,,,,,,
,,,,,,,,,,,,,,,,,,
,,,,,,,,,,,,,,,,,,
,,,,,,,,,,,,,,,,,,
,,,,,,,,,,,,,,,,,,
,,,,,,,,,,,,,,,,,,
,,,,,,,,,,,,,,,,,,
,,,,,,,,,,,,,,,,,,
,,,,,,,,,,,,,,,,,,
,,,,,,,,,,,,,,,,,,
,,,,,,,,,,,,,,,,,,
,,,,,,,,,,,,,,,,,,
,,,,,,,,,,,,,,,,,,
,,,,,,,,,,,,,,,,,,
,,,,,,,,,,,,,,,,,,
,,,,,,,,,,,,,,,,,,
,,,,,,,,,,,,,,,,,,
,,,,,,,,,,,,,,,,,,
,,,,,,,,,,,,,,,,,,
,,,,,,,,,,,,,,,,,,
,,,,,,,,,,,,,,,,,,
,,,,,,,,,,,,,,,,,,
,,,,,,,,,,,,,,,,,,
,,,,,,,,,,,,,,,,,,
,,,,,,,,,,,,,,,,,,
,,,,,,,,,,,,,,,,,,
,,,,,,,,,,,,,,,,,,
,,,,,,,,,,,,,,,,,,
,,,,,,,,,,,,,,,,,,
,,,,,,,,,,,,,,,,,,
,,,,,,,,,,,,,,,,,,
,,,,,,,,,,,,,,,,,,
,,,,,,,,,,,,,,,,,,
,,,,,,,,,,,,,,,,,,
,,,,,,,,,,,,,,,,,,
,,,,,,,,,,,,,,,,,,
,,,,,,,,,,,,,,,,,,
,,,,,,,,,,,,,,,,,,
,,,,,,,,,,,,,,,,,,
,,,,,,,,,,,,,,,,,,
,,,,,,,,,,,,,,,,,,
,,,,,,,,,,,,,,,,,,
,,,,,,,,,,,,,,,,,,
,,,,,,,,,,,,,,,,,,
,,,,,,,,,,,,,,,,,,
,,,,,,,,,,,,,,,,,,
,,,,,,,,,,,,,,,,,,
,,,,,,,,,,,,,,,,,,
,,,,,,,,,,,,,,,,,,
,,,,,,,,,,,,,,,,,,
,,,,,,,,,,,,,,,,,,
,,,,,,,,,,,,,,,,,,
,,,,,,,,,,,,,,,,,,
,,,,,,,,,,,,,,,,,,
,,,,,,,,,,,,,,,,,,
,,,,,,,,,,,,,,,,,,
,,,,,,,,,,,,,,,,,,
,,,,,,,,,,,,,,,,,,
801,,,,,,,,,,,,,,,,,,
802,,,,,,,,,,,,,,,,,,
803,,,,,,,,,,,,,,,,,,
804,,,,,,,,,,,,,,,,,,
805,,,,,,,,,,,,,,,,,,
806,,,,,,,,,,,,,,,,,,
807,,,,,,,,,,,,,,,,,,
808,,,,,,,,,,,,,,,,,,
809,,,,,,,,,,,,,,,,,,
810,,,,,,,,,,,,,,,,,,
811,,,,,,,,,,,,,,,,,,
812,,,,,,,,,,,,,,,,,,
813,,,,,,,,,,,,,,,,,,
814,,,,,,,,,,,,,,,,,,
815,,,,,,,,,,,,,,,,,,
816,,,,,,,,,,,,,,,,,,
817,,,,,,,,,,,,,,,,,,
818,,,,,,,,,,,,,,,,,,
819,,,,,,,,,,,,,,,,,,
820,,,,,,,,,,,,,,,,,,
821,,,,,,,,,,,,,,,,,,
822,,,,,,,,,,,,,,,,,,
823,,,,,,,,,,,,,,,,,,
824,,,,,,,,,,,,,,,,,,
825,,,,,,,,,,,,,,,,,,
826,,,,,,,,,,,,,,,,,,
827,,,,,,,,,,,,,,,,,,
828,,,,,,,,,,,,,,,,,,
829,,,,,,,,,,,,,,,,,,
830,,,,,,,,,,,,,,,,,,
831,,,,,,,,,,,,,,,,,,
832,,,,,,,,,,,,,,,,,,
833,,,,,,,,,,,,,,,,,,
834,,,,,,,,,,,,,,,,,,
835,,,,,,,,,,,,,,,,,,
836,,,,,,,,,,,,,,,,,,
837,,,,,,,,,,,,,,,,,,
838,,,,,,,,,,,,,,,,,,
839,,,,,,,,,,,,,,,,,,
840,,,,,,,,,,,,,,,,,,
841,,,,,,,,,,,,,,,,,,
842,,,,,,,,,,,,,,,,,,
843,,,,,,,,,,,,,,,,,,
844,,,,,,,,,,,,,,,,,,
845,,,,,,,,,,,,,,,,,,
846,,,,,,,,,,,,,,,,,,
847,,,,,,,,,,,,,,,,,,
848,,,,,,,,,,,,,,,,,,
849,,,,,,,,,,,,,,,,,,
850,,,,,,,,,,,,,,,,,,
851,,,,,,,,,,,,,,,,,,
852,,,,,,,,,,,,,,,,,,
853,,,,,,,,,,,,,,,,,,
854,,,,,,,,,,,,,,,,,,