player_id,source,rank,weight
1,PFF,1,1.2
1,NFL Draft Buzz,2,0.9
1,PFN,1,0.9
1,TANKATHON,3,0.9
1,Mel Kiper,6,1.1
1,Field Yates,3,1
1,Matt Miller,2,1
1,Charlie Campbell,4,1
2,PFF,2,1.2
2,NFL Draft Buzz,4,0.9
2,PFN,6,0.9
2,TANKATHON,4,0.9
2,Mel Kiper,1,1.1
2,Field Yates,1,1
2,Matt Miller,5,1
2,Charlie Campbell,2,1
3,PFF,3,1.2
3,NFL Draft Buzz,7,0.9
3,PFN,2,0.9
3,TANKATHON,1,0.9
3,Mel Kiper,4,1.1
3,Field Yates,2,1
3,Matt Miller,3,1
3,Charlie Campbell,5,1
4,PFF,4,1.2
4,NFL Draft Buzz,3,0.9
4,PFN,5,0.9
4,TANKATHON,8,0.9
4,Mel Kiper,2,1.1
4,Field Yates,5,1
4,Matt Miller,1,1
4,Charlie Campbell,1,1
5,PFF,5,1.2
5,NFL Draft Buzz,1,0.9
5,PFN,3,0.9
5,TANKATHON,2,0.9
5,Mel Kiper,7,1.1
5,Field Yates,13,1
5,Matt Miller,4,1
5,Charlie Campbell,15,1
6,PFF,8,1.2
6,NFL Draft Buzz,10,0.9
6,PFN,4,0.9
6,TANKATHON,5,0.9
6,Mel Kiper,3,1.1
6,Field Yates,7,1
6,Matt Miller,6,1
6,Charlie Campbell,17,1
7,PFF,6,1.2
7,NFL Draft Buzz,11,0.9
7,PFN,12,0.9
7,TANKATHON,7,0.9
7,Mel Kiper,5,1.1
7,Field Yates,4,1
7,Matt Miller,14,1
7,Charlie Campbell,3,1
8,PFF,7,1.2
8,NFL Draft Buzz,12,0.9
8,PFN,9,0.9
8,TANKATHON,6,0.9
8,Mel Kiper,9,1.1
8,Field Yates,6,1
8,Matt Miller,12,1
8,Charlie Campbell,7,1
9,PFF,9,1.2
9,NFL Draft Buzz,5,0.9
9,PFN,10,0.9
9,TANKATHON,10,0.9
9,Mel Kiper,16,1.1
9,Field Yates,10,1
9,Matt Miller,8,1
9,Charlie Campbell,19,1
10,PFF,14,1.2
10,NFL Draft Buzz,8,0.9
10,PFN,11,0.9
10,TANKATHON,11,0.9
10,Mel Kiper,17,1.1
10,Field Yates,11,1
10,Matt Miller,7,1
10,Charlie Campbell,11,1
11,PFF,13,1.2
11,NFL Draft Buzz,6,0.9
11,PFN,16,0.9
11,TANKATHON,9,0.9
11,Mel Kiper,13,1.1
11,Field Yates,12,1
11,Matt Miller,15,1
11,Charlie Campbell,8,1
12,PFF,12,1.2
12,NFL Draft Buzz,9,0.9
12,PFN,14,0.9
12,TANKATHON,13,0.9
12,Mel Kiper,14,1.1
12,Field Yates,14,1
12,Matt Miller,10,1
12,Charlie Campbell,9,1
13,PFF,11,1.2
13,NFL Draft Buzz,13,0.9
13,PFN,8,0.9
13,TANKATHON,12,0.9
13,Mel Kiper,10,1.1
13,Field Yates,9,1
13,Matt Miller,16,1
13,Charlie Campbell,32,1
14,PFF,10,1.2
14,NFL Draft Buzz,32,0.9
14,PFN,7,0.9
14,TANKATHON,14,0.9
14,Mel Kiper,8,1.1
14,Field Yates,8,1
14,Matt Miller,17,1
14,Charlie Campbell,16,1
15,PFF,24,1.2
15,NFL Draft Buzz,17,0.9
15,PFN,13,0.9
15,TANKATHON,15,0.9
15,Mel Kiper,12,1.1
15,Field Yates,16,1
15,Matt Miller,11,1
15,Charlie Campbell,10,1
16,PFF,34,1.2
16,NFL Draft Buzz,15,0.9
16,PFN,23,0.9
16,TANKATHON,22,0.9
16,Mel Kiper,21,1.1
16,Matt Miller,9,1
16,Charlie Campbell,6,1
17,PFF,18,1.2
17,NFL Draft Buzz,16,0.9
17,PFN,15,0.9
17,TANKATHON,16,0.9
17,Field Yates,20,1
17,Matt Miller,22,1
17,Charlie Campbell,21,1
18,PFF,20,1.2
18,NFL Draft Buzz,18,0.9
18,PFN,27,0.9
18,TANKATHON,18,0.9
18,Mel Kiper,20,1.1
18,Field Yates,17,1
18,Matt Miller,19,1
18,Charlie Campbell,12,1
19,PFF,21,1.2
19,NFL Draft Buzz,21,0.9
19,PFN,17,0.9
19,TANKATHON,17,0.9
19,Mel Kiper,15,1.1
19,Matt Miller,26,1
20,PFF,28,1.2
20,NFL Draft Buzz,33,0.9
20,PFN,22,0.9
20,TANKATHON,21,0.9
20,Mel Kiper,18,1.1
20,Field Yates,18,1
20,Matt Miller,13,1
20,Charlie Campbell,25,1
21,PFF,16,1.2
21,NFL Draft Buzz,23,0.9
21,PFN,18,0.9
21,TANKATHON,25,0.9
21,Charlie Campbell,26,1
22,PFF,15,1.2
22,NFL Draft Buzz,19,0.9
22,PFN,39,0.9
22,TANKATHON,19,0.9
22,Field Yates,15,1
22,Matt Miller,38,1
22,Charlie Campbell,23,1
23,PFF,26,1.2
23,NFL Draft Buzz,29,0.9
23,PFN,20,0.9
23,TANKATHON,20,0.9
23,Matt Miller,31,1
23,Charlie Campbell,22,1
24,PFF,29,1.2
24,NFL Draft Buzz,25,0.9
24,PFN,24,0.9
24,TANKATHON,26,0.9
24,Matt Miller,21,1
25,PFF,37,1.2
25,NFL Draft Buzz,20,0.9
25,PFN,31,0.9
25,TANKATHON,29,0.9
25,Charlie Campbell,20,1
26,PFF,23,1.2
26,NFL Draft Buzz,14,0.9
26,PFN,21,0.9
26,TANKATHON,23,0.9
26,Matt Miller,24,1
26,Charlie Campbell,61,1
27,PFF,32,1.2
27,NFL Draft Buzz,38,0.9
27,PFN,37,0.9
27,TANKATHON,24,0.9
27,Matt Miller,20,1
27,Charlie Campbell,13,1
28,PFF,30,1.2
28,NFL Draft Buzz,22,0.9
28,PFN,25,0.9
28,TANKATHON,28,0.9
28,Matt Miller,34,1
29,PFF,36,1.2
29,NFL Draft Buzz,26,0.9
29,PFN,35,0.9
29,TANKATHON,33,0.9
29,Matt Miller,29,1
29,Charlie Campbell,18,1
30,PFF,33,1.2
30,NFL Draft Buzz,53,0.9
30,PFN,47,0.9
30,TANKATHON,27,0.9
30,Mel Kiper,11,1.1
30,Field Yates,19,1
30,Charlie Campbell,31,1
31,PFF,35,1.2
31,NFL Draft Buzz,39,0.9
31,PFN,19,0.9
31,TANKATHON,36,0.9
32,PFF,46,1.2
32,NFL Draft Buzz,27,0.9
32,PFN,48,0.9
32,TANKATHON,30,0.9
32,Matt Miller,25,1
32,Charlie Campbell,36,1
33,PFF,43,1.2
33,NFL Draft Buzz,41,0.9
33,PFN,26,0.9
33,TANKATHON,32,0.9
34,PFF,55,1.2
34,NFL Draft Buzz,34,0.9
34,PFN,34,0.9
34,TANKATHON,48,0.9
34,Matt Miller,32,1
34,Charlie Campbell,30,1
35,PFF,52,1.2
35,NFL Draft Buzz,40,0.9
35,PFN,42,0.9
35,TANKATHON,34,0.9
35,Matt Miller,27,1
36,PFF,40,1.2
36,NFL Draft Buzz,45,0.9
36,PFN,61,0.9
36,TANKATHON,35,0.9
36,Matt Miller,18,1
36,Charlie Campbell,38,1
37,PFF,47,1.2
37,NFL Draft Buzz,44,0.9
37,PFN,72,0.9
37,TANKATHON,45,0.9
37,Matt Miller,23,1
37,Charlie Campbell,14,1
38,PFF,49,1.2
38,NFL Draft Buzz,37,0.9
38,PFN,51,0.9
38,TANKATHON,37,0.9
38,Charlie Campbell,35,1
39,PFF,51,1.2
39,NFL Draft Buzz,56,0.9
39,PFN,33,0.9
39,TANKATHON,38,0.9
39,Matt Miller,38,1
40,PFF,66,1.2
40,NFL Draft Buzz,35,0.9
40,PFN,41,0.9
40,TANKATHON,39,0.9
41,PFN,30,0.9
41,TANKATHON,40,0.9
41,Charlie Campbell,60,1
42,PFF,41,1.2
42,NFL Draft Buzz,49,0.9
42,PFN,43,0.9
42,TANKATHON,43,0.9
43,PFF,63,1.2
43,NFL Draft Buzz,24,0.9
43,PFN,58,0.9
43,TANKATHON,54,0.9
43,Matt Miller,30,1
44,PFF,56,1.2
44,NFL Draft Buzz,28,0.9
44,PFN,74,0.9
44,TANKATHON,31,0.9
44,Charlie Campbell,46,1
45,PFF,76,1.2
45,NFL Draft Buzz,30,0.9
45,PFN,45,0.9
45,TANKATHON,42,0.9
46,PFF,37,1.2
46,NFL Draft Buzz,67,0.9
46,PFN,50,0.9
46,TANKATHON,44,0.9
46,Matt Miller,37,1
47,PFF,54,1.2
47,NFL Draft Buzz,58,0.9
47,PFN,29,0.9
47,TANKATHON,52,0.9
48,PFF,71,1.2
48,NFL Draft Buzz,50,0.9
48,PFN,28,0.9
48,TANKATHON,55,0.9
48,Charlie Campbell,49,1
49,PFF,39,1.2
49,NFL Draft Buzz,79,0.9
49,TANKATHON,56,0.9
49,Charlie Campbell,33,1
50,PFF,58,1.2
50,NFL Draft Buzz,90,0.9
50,PFN,32,0.9
50,TANKATHON,46,0.9
50,Charlie Campbell,37,1
51,PFF,86,1.2
51,NFL Draft Buzz,94,0.9
51,TANKATHON,41,0.9
51,Mel Kiper,19,1.1
51,Matt Miller,33,1
52,PFF,53,1.2
52,NFL Draft Buzz,60,0.9
53,PFF,70,1.2
53,NFL Draft Buzz,57,0.9
53,PFN,60,0.9
53,TANKATHON,47,0.9
53,Charlie Campbell,39,1
54,PFF,103,1.2
54,Matt Miller,28,1
55,PFF,62,1.2
55,NFL Draft Buzz,55,0.9
55,TANKATHON,53,0.9
56,PFF,80,1.2
56,NFL Draft Buzz,36,0.9
56,PFN,49,0.9
56,TANKATHON,65,0.9
57,PFF,61,1.2
57,NFL Draft Buzz,52,0.9
57,PFN,101,0.9
57,TANKATHON,64,0.9
57,Matt Miller,36,1
57,Charlie Campbell,27,1
58,PFF,48,1.2
58,NFL Draft Buzz,48,0.9
58,PFN,78,0.9
58,TANKATHON,49,0.9
58,Charlie Campbell,62,1
59,PFF,60,1.2
59,NFL Draft Buzz,68,0.9
59,PFN,53,0.9
59,TANKATHON,57,0.9
60,PFF,105,1.2
60,NFL Draft Buzz,51,0.9
60,PFN,57,0.9
60,TANKATHON,72,0.9
60,Charlie Campbell,29,1
61,PFF,65,1.2
61,NFL Draft Buzz,61,0.9
61,PFN,89,0.9
61,TANKATHON,59,0.9
61,Matt Miller,35,1
62,PFF,87,1.2
62,NFL Draft Buzz,63,0.9
62,PFN,55,0.9
62,TANKATHON,58,0.9
63,PFF,97,1.2
63,NFL Draft Buzz,47,0.9
63,PFN,86,0.9
63,TANKATHON,60,0.9
63,Charlie Campbell,41,1
64,PFF,68,1.2
64,NFL Draft Buzz,70,0.9
64,PFN,56,0.9
64,TANKATHON,73,0.9
65,PFF,77,1.2
65,NFL Draft Buzz,85,0.9
65,PFN,59,0.9
65,TANKATHON,82,0.9
65,Charlie Campbell,34,1
66,TANKATHON,63,0.9
67,PFF,92,1.2
67,NFL Draft Buzz,42,0.9
67,PFN,118,0.9
67,TANKATHON,51,0.9
67,Charlie Campbell,44,1
68,PFF,50,1.2
68,NFL Draft Buzz,54,0.9
68,PFN,102,0.9
68,TANKATHON,62,0.9
69,PFF,82,1.2
69,NFL Draft Buzz,62,0.9
69,PFN,64,0.9
69,TANKATHON,69,0.9
70,PFF,88,1.2
70,NFL Draft Buzz,73,0.9
70,PFN,69,0.9
70,TANKATHON,71,0.9
70,Charlie Campbell,47,1
71,PFN,66,0.9
72,PFF,85,1.2
72,NFL Draft Buzz,71,0.9
72,PFN,52,0.9
72,TANKATHON,77,0.9
73,PFF,80,1.2
73,NFL Draft Buzz,69,0.9
73,PFN,71,0.9
73,TANKATHON,58,0.9
73,Mel Kiper,85,1.1
73,Field Yates,80,1
73,Matt Miller,78,1
73,Daniel Jeremiah,77,1.1
73,Charlie Campbell,79,1
74,PFF,108,1.2
74,NFL Draft Buzz,64,0.9
74,PFN,63,0.9
74,TANKATHON,61,0.9
75,PFF,81,1.2
75,NFL Draft Buzz,69,0.9
75,PFN,54,0.9
75,TANKATHON,88,0.9
76,PFF,107,1.2
76,NFL Draft Buzz,75,0.9
76,PFN,44,0.9
76,TANKATHON,74,0.9
77,PFF,69,1.2
77,NFL Draft Buzz,76,0.9
77,PFN,68,0.9
77,TANKATHON,81,0.9
78,PFF,96,1.2
78,NFL Draft Buzz,59,0.9
78,PFN,81,0.9
78,TANKATHON,68,0.9
79,PFF,59,1.2
79,NFL Draft Buzz,31,0.9
79,PFN,126,0.9
79,TANKATHON,80,0.9
80,PFN,71,0.9
81,PFF,83,1.2
81,NFL Draft Buzz,43,0.9
81,PFN,140,0.9
81,TANKATHON,75,0.9
81,Charlie Campbell,43,1
82,PFF,98,1.2
83,PFF,73,1.2
83,NFL Draft Buzz,90,0.9
83,PFN,73,0.9
83,TANKATHON,82,0.9
83,Mel Kiper,72,1.1
83,Field Yates,91,1
83,Matt Miller,95,1
83,Daniel Jeremiah,69,1.1
83,Charlie Campbell,88,1
84,PFF,132,1.2
84,Charlie Campbell,55,1
85,PFF,75,1.2
85,NFL Draft Buzz,100,0.9
85,PFN,87,0.9
85,TANKATHON,67,0.9
86,PFF,101,1.2
86,NFL Draft Buzz,87,0.9
86,PFN,88,0.9
86,TANKATHON,90,0.9
86,Charlie Campbell,57,1
87,PFF,73,1.2
87,NFL Draft Buzz,78,0.9
87,TANKATHON,103,0.9
88,PFF,83,1.2
88,NFL Draft Buzz,66,0.9
88,PFN,139,0.9
88,TANKATHON,78,0.9
88,Charlie Campbell,56,1
89,PFF,100,1.2
89,NFL Draft Buzz,65,0.9
89,PFN,145,0.9
89,TANKATHON,89,0.9
89,Charlie Campbell,28,1
90,NFL Draft Buzz,102,0.9
90,PFN,75,0.9
90,TANKATHON,94,0.9
90,Charlie Campbell,54,1
91,PFF,90,1.2
91,NFL Draft Buzz,89,0.9
91,PFN,119,0.9
91,TANKATHON,79,0.9
91,Charlie Campbell,53,1
92,PFF,143,1.2
92,NFL Draft Buzz,81,0.9
92,PFN,108,0.9
92,TANKATHON,87,0.9
92,Charlie Campbell,24,1
93,NFL Draft Buzz,96,0.9
93,PFN,65,0.9
93,TANKATHON,85,0.9
94,PFF,67,1.2
94,NFL Draft Buzz,99,0.9
94,PFN,129,0.9
94,TANKATHON,50,0.9
95,PFF,93,1.2
95,NFL Draft Buzz,80,0.9
95,PFN,82,0.9
95,TANKATHON,101,0.9
96,NFL Draft Buzz,74,0.9
96,PFN,143,0.9
96,TANKATHON,76,0.9
96,Charlie Campbell,48,1
97,PFF,148,1.2
97,NFL Draft Buzz,120,0.9
97,PFN,40,0.9
97,TANKATHON,66,0.9
98,PFF,57,1.2
98,PFN,114,0.9
98,TANKATHON,96,0.9
99,PFF,121,1.2
99,NFL Draft Buzz,46,0.9
99,TANKATHON,117,0.9
100,PFF,117,1.2
100,NFL Draft Buzz,82,0.9
101,PFF,124,1.2
101,NFL Draft Buzz,101,0.9
101,PFN,83,0.9
101,TANKATHON,109,0.9
101,Charlie Campbell,51,1
102,PFF,89,1.2
102,NFL Draft Buzz,86,0.9
102,PFN,98,0.9
102,TANKATHON,102,0.9
103,PFF,116,1.2
103,NFL Draft Buzz,83,0.9
103,PFN,109,0.9
103,TANKATHON,83,0.9
104,PFN,91,0.9
105,PFF,99,1.2
105,NFL Draft Buzz,93,0.9
105,TANKATHON,106,0.9
106,PFF,74,1.2
106,NFL Draft Buzz,104,0.9
106,PFN,112,0.9
106,TANKATHON,95,0.9
107,NFL Draft Buzz,95,0.9
107,PFN,95,0.9
107,TANKATHON,86,0.9
108,PFF,106,1.2
108,NFL Draft Buzz,91,0.9
108,TANKATHON,107,0.9
109,PFN,92,0.9
109,TANKATHON,93,0.9
110,PFF,123,1.2
110,NFL Draft Buzz,108,0.9
110,PFN,89,0.9
110,TANKATHON,105,0.9
110,Mel Kiper,99,1.1
110,Field Yates,120,1
110,Matt Miller,104,1
110,Daniel Jeremiah,102,1.1
110,Charlie Campbell,86,1
111,PFF,149,1.2
111,NFL Draft Buzz,111,0.9
111,PFN,46,0.9
111,TANKATHON,105,0.9
112,PFF,136,1.2
112,PFN,76,0.9
112,TANKATHON,104,0.9
113,PFN,94,0.9
114,PFF,123,1.2
114,NFL Draft Buzz,84,0.9
114,PFN,127,0.9
114,TANKATHON,84,0.9
115,PFF,142,1.2
115,NFL Draft Buzz,126,0.9
115,PFN,103,0.9
115,TANKATHON,130,0.9
115,Charlie Campbell,45,1
116,PFF,134,1.2
116,NFL Draft Buzz,98,0.9
116,PFN,85,0.9
116,TANKATHON,123,0.9
117,PFF,170,1.2
117,PFN,77,0.9
118,PFF,167,1.2
118,NFL Draft Buzz,137,0.9
118,PFN,36,0.9
118,TANKATHON,111,0.9
119,PFF,145,1.2
119,NFL Draft Buzz,121,0.9
119,PFN,67,0.9
119,TANKATHON,115,0.9
120,PFF,122,1.2
120,NFL Draft Buzz,110,0.9
120,PFN,165,0.9
120,TANKATHON,98,0.9
120,Charlie Campbell,59,1
121,PFF,135,1.2
121,NFL Draft Buzz,106,0.9
122,PFF,165,1.2
122,NFL Draft Buzz,109,0.9
122,TANKATHON,135,0.9
122,Charlie Campbell,52,1
123,PFF,109,1.2
123,NFL Draft Buzz,107,0.9
123,PFN,107,0.9
123,TANKATHON,119,0.9
124,PFF,154,1.2
124,NFL Draft Buzz,97,0.9
124,PFN,100,0.9
124,TANKATHON,108,0.9
125,PFF,237,1.2
125,PFN,38,0.9
125,TANKATHON,100,0.9
126,PFN,106,0.9
127,PFF,131,1.2
127,NFL Draft Buzz,114,0.9
128,PFF,180,1.2
128,NFL Draft Buzz,116,0.9
128,TANKATHON,132,0.9
128,Charlie Campbell,50,1
129,PFF,120,1.2
129,NFL Draft Buzz,72,0.9
129,PFN,148,0.9
129,TANKATHON,121,0.9
130,PFF,187,1.2
130,NFL Draft Buzz,115,0.9
130,PFN,147,0.9
130,TANKATHON,99,0.9
130,Charlie Campbell,42,1
131,PFF,138,1.2
131,NFL Draft Buzz,113,0.9
132,PFF,104,1.2
132,NFL Draft Buzz,123,0.9
132,PFN,124,0.9
133,PFF,129,1.2
133,NFL Draft Buzz,108,0.9
133,PFN,134,0.9
133,TANKATHON,97,0.9
134,PFF,111,1.2
134,PFN,138,0.9
135,PFF,179,1.2
135,NFL Draft Buzz,119,0.9
135,PFN,70,0.9
135,TANKATHON,120,0.9
136,PFF,125,1.2
136,NFL Draft Buzz,102,0.9
136,PFN,139,0.9
136,TANKATHON,134,0.9
136,Mel Kiper,121,1.1
136,Field Yates,141,1
136,Matt Miller,141,1
136,Daniel Jeremiah,114,1.1
136,Charlie Campbell,99,1
137,NFL Draft Buzz,112,0.9
138,NFL Draft Buzz,135,0.9
138,PFN,90,0.9
139,PFF,119,1.2
139,NFL Draft Buzz,124,0.9
139,TANKATHON,125,0.9
140,TANKATHON,113,0.9
141,PFF,119,1.2
141,NFL Draft Buzz,124,0.9
141,PFN,147,0.9
141,TANKATHON,110,0.9
141,Mel Kiper,115,1.1
141,Field Yates,143,1
141,Matt Miller,108,1
141,Daniel Jeremiah,147,1.1
141,Charlie Campbell,141,1
142,PFF,126,1.2
142,NFL Draft Buzz,105,0.9
142,PFN,150,0.9
142,TANKATHON,112,0.9
143,PFF,158,1.2
143,NFL Draft Buzz,92,0.9
143,TANKATHON,136,0.9
144,PFF,175,1.2
144,NFL Draft Buzz,128,0.9
144,PFN,93,0.9
144,TANKATHON,110,0.9
145,PFN,117,0.9
146,PFF,160,1.2
146,PFN,171,0.9
146,TANKATHON,127,0.9
146,Charlie Campbell,58,1
147,PFF,176,1.2
147,PFN,97,0.9
147,TANKATHON,124,0.9
148,PFF,111,1.2
148,NFL Draft Buzz,152,0.9
148,PFN,146,0.9
148,TANKATHON,139,0.9
148,Mel Kiper,120,1.1
148,Field Yates,124,1
148,Matt Miller,123,1
148,Daniel Jeremiah,147,1.1
148,Charlie Campbell,117,1
149,PFF,140,1.2
149,NFL Draft Buzz,118,0.9
149,TANKATHON,134,0.9
150,PFF,159,1.2
151,PFF,156,1.2
151,NFL Draft Buzz,122,0.9
152,PFN,121,0.9
153,PFN,122,0.9
154,PFF,123,1.2
154,NFL Draft Buzz,122,0.9
154,PFN,165,0.9
154,TANKATHON,156,0.9
154,Mel Kiper,116,1.1
154,Field Yates,125,1
154,Matt Miller,167,1
154,Daniel Jeremiah,119,1.1
154,Charlie Campbell,128,1
155,PFF,164,1.2
156,PFN,123,0.9
157,PFF,157,1.2
157,TANKATHON,129,0.9
158,PFF,133,1.2
158,NFL Draft Buzz,147,0.9
159,PFF,155,1.2
159,PFN,116,0.9
159,TANKATHON,138,0.9
160,PFF,151,1.2
160,NFL Draft Buzz,139,0.9
160,PFN,116,0.9
160,TANKATHON,151,0.9
160,Mel Kiper,150,1.1
160,Field Yates,119,1
160,Matt Miller,133,1
160,Daniel Jeremiah,149,1.1
160,Charlie Campbell,136,1
161,PFF,115,1.2
161,NFL Draft Buzz,160,0.9
161,PFN,125,0.9
162,PFF,266,1.2
162,PFN,80,0.9
162,TANKATHON,92,0.9
163,PFF,110,1.2
163,NFL Draft Buzz,166,0.9
164,PFF,166,1.2
165,NFL Draft Buzz,125,0.9
166,PFF,152,1.2
166,PFN,137,0.9
167,NFL Draft Buzz,103,0.9
167,PFN,149,0.9
168,PFF,150,1.2
168,NFL Draft Buzz,141,0.9
169,PFF,178,1.2
169,NFL Draft Buzz,77,0.9
169,PFN,172,0.9
170,PFN,128,0.9
171,PFF,145,1.2
171,NFL Draft Buzz,161,0.9
171,PFN,128,0.9
171,TANKATHON,153,0.9
171,Mel Kiper,153,1.1
171,Field Yates,119,1
171,Matt Miller,148,1
171,Daniel Jeremiah,169,1.1
171,Charlie Campbell,116,1
172,PFF,172,1.2
173,PFF,199,1.2
173,PFN,110,0.9
174,PFF,200,1.2
174,NFL Draft Buzz,131,0.9
174,PFN,111,0.9
174,TANKATHON,128,0.9
175,NFL Draft Buzz,138,0.9
175,PFN,130,0.9
175,TANKATHON,122,0.9
176,PFF,139,1.2
176,NFL Draft Buzz,148,0.9
176,TANKATHON,139,0.9
177,TANKATHON,131,0.9
178,PFF,153,1.2
178,NFL Draft Buzz,117,0.9
178,PFN,162,0.9
179,PFF,173,1.2
179,TANKATHON,133,0.9
180,PFF,146,1.2
180,NFL Draft Buzz,149,0.9
180,PFN,136,0.9
181,PFF,156,1.2
181,NFL Draft Buzz,130,0.9
181,PFN,136,0.9
181,TANKATHON,161,0.9
181,Mel Kiper,131,1.1
181,Field Yates,136,1
181,Matt Miller,173,1
181,Daniel Jeremiah,149,1.1
181,Charlie Campbell,149,1
182,PFF,224,1.2
182,NFL Draft Buzz,136,0.9
182,TANKATHON,91,0.9
183,PFN,133,0.9
184,PFF,310,1.2
184,Charlie Campbell,40,1
185,PFN,135,0.9
186,PFF,185,1.2
186,NFL Draft Buzz,130,0.9
186,TANKATHON,137,0.9
187,PFF,194,1.2
187,NFL Draft Buzz,127,0.9
188,NFL Draft Buzz,217,0.9
188,Charlie Campbell,63,1
189,PFF,196,1.2
189,NFL Draft Buzz,139,0.9
189,PFN,131,0.9
190,NFL Draft Buzz,209,0.9
190,PFN,73,0.9
191,PFN,141,0.9
192,PFF,184,1.2
192,NFL Draft Buzz,144,0.9
193,PFF,182,1.2
193,NFL Draft Buzz,146,0.9
194,PFF,189,1.2
195,PFN,142,0.9
196,PFF,162,1.2
196,NFL Draft Buzz,132,0.9
196,PFN,173,0.9
197,PFN,144,0.9
198,PFF,192,1.2
199,PFF,232,1.2
199,NFL Draft Buzz,142,0.9
199,TANKATHON,118,0.9
200,PFF,349,1.2
200,NFL Draft Buzz,88,0.9
200,PFN,113,0.9
200,TANKATHON,116,0.9
201,PFF,160,1.2
201,NFL Draft Buzz,154,0.9
201,PFN,155,0.9
201,TANKATHON,137,0.9
201,Mel Kiper,195,1.1
201,Field Yates,180,1
201,Matt Miller,154,1
201,Daniel Jeremiah,170,1.1
201,Charlie Campbell,170,1
202,PFF,238,1.2
202,PFN,115,0.9
203,PFF,169,1.2
203,NFL Draft Buzz,156,0.9
203,PFN,158,0.9
204,PFF,288,1.2
204,PFN,79,0.9
205,PFF,197,1.2
206,PFF,171,1.2
206,NFL Draft Buzz,163,0.9
206,PFN,153,0.9
207,PFF,195,1.2
207,NFL Draft Buzz,150,0.9
208,PFF,263,1.2
208,PFN,99,0.9
209,PFF,174,1.2
209,PFN,166,0.9
210,PFF,205,1.2
210,NFL Draft Buzz,143,0.9
211,PFF,198,1.2
212,PFF,175,1.2
212,NFL Draft Buzz,170,0.9
212,PFN,171,0.9
212,TANKATHON,137,0.9
212,Mel Kiper,190,1.1
212,Field Yates,170,1
212,Matt Miller,166,1
212,Daniel Jeremiah,161,1.1
212,Charlie Campbell,153,1
213,PFF,188,1.2
213,PFN,157,0.9
214,PFF,240,1.2
214,PFN,120,0.9
215,PFF,177,1.2
215,NFL Draft Buzz,168,0.9
216,PFF,212,1.2
216,NFL Draft Buzz,145,0.9
217,NFL Draft Buzz,152,0.9
218,PFN,152,0.9
219,PFF,206,1.2
219,NFL Draft Buzz,134,0.9
219,PFN,170,0.9
220,PFF,269,1.2
220,PFN,105,0.9
221,PFF,209,1.2
221,PFN,151,0.9
222,NFL Draft Buzz,154,0.9
223,PFN,154,0.9
224,PFF,300,1.2
224,PFN,84,0.9
225,NFL Draft Buzz,155,0.9
226,PFF,207,1.2
227,PFF,171,1.2
227,NFL Draft Buzz,140,0.9
227,PFN,153,0.9
227,TANKATHON,195,0.9
227,Mel Kiper,171,1.1
227,Field Yates,195,1
227,Matt Miller,180,1
227,Daniel Jeremiah,171,1.1
227,Charlie Campbell,188,1
228,PFF,216,1.2
228,NFL Draft Buzz,151,0.9
229,PFF,204,1.2
229,NFL Draft Buzz,140,0.9
229,PFN,177,0.9
230,PFF,210,1.2
231,NFL Draft Buzz,158,0.9
232,PFF,211,1.2
233,PFF,191,1.2
233,NFL Draft Buzz,218,0.9
233,TANKATHON,114,0.9
234,PFN,160,0.9
235,PFF,250,1.2
235,NFL Draft Buzz,133,0.9
236,PFF,193,1.2
236,NFL Draft Buzz,177,0.9
237,NFL Draft Buzz,161,0.9
238,PFF,214,1.2
238,NFL Draft Buzz,162,0.9
239,PFF,339,1.2
239,TANKATHON,70,0.9
240,PFF,223,1.2
240,NFL Draft Buzz,157,0.9
241,PFN,163,0.9
242,PFF,218,1.2
243,PFF,264,1.2
243,NFL Draft Buzz,129,0.9
244,PFF,202,1.2
244,NFL Draft Buzz,159,0.9
244,PFN,180,0.9
245,PFF,233,1.2
245,NFL Draft Buzz,153,0.9
246,NFL Draft Buzz,164,0.9
247,PFF,219,1.2
248,NFL Draft Buzz,165,0.9
249,PFF,221,1.2
250,PFF,222,1.2
251,PFF,220,1.2
251,NFL Draft Buzz,169,0.9
252,PFN,167,0.9
253,PFF,328,1.2
253,PFN,132,0.9
253,TANKATHON,126,0.9
254,PFN,168,0.9
255,PFF,242,1.2
255,PFN,156,0.9
256,PFF,225,1.2
256,NFL Draft Buzz,170,0.9
257,PFF,226,1.2
258,PFF,249,1.2
258,PFN,155,0.9
259,PFF,229,1.2
260,NFL Draft Buzz,172,0.9
261,PFF,231,1.2
261,NFL Draft Buzz,171,0.9
262,PFF,230,1.2
263,PFF,215,1.2
263,NFL Draft Buzz,185,0.9
264,NFL Draft Buzz,174,0.9
265,PFF,235,1.2
265,NFL Draft Buzz,173,0.9
266,PFN,175,0.9
267,NFL Draft Buzz,175,0.9
268,PFF,273,1.2
268,PFN,146,0.9
269,NFL Draft Buzz,176,0.9
270,PFF,186,1.2
270,NFL Draft Buzz,169,0.9
270,PFN,226,0.9
270,TANKATHON,191,0.9
270,Mel Kiper,160,1.1
270,Field Yates,229,1
270,Matt Miller,207,1
270,Daniel Jeremiah,178,1.1
270,Charlie Campbell,218,1
271,PFF,236,1.2
272,PFN,178,0.9
273,NFL Draft Buzz,178,0.9
274,PFF,233,1.2
274,NFL Draft Buzz,233,0.9
274,PFN,214,0.9
274,TANKATHON,174,0.9
274,Mel Kiper,168,1.1
274,Field Yates,209,1
274,Matt Miller,163,1
274,Daniel Jeremiah,213,1.1
274,Charlie Campbell,183,1
275,NFL Draft Buzz,179,0.9
276,NFL Draft Buzz,180,0.9
277,PFF,193,1.2
277,NFL Draft Buzz,228,0.9
277,PFN,171,0.9
277,TANKATHON,222,0.9
277,Mel Kiper,191,1.1
277,Field Yates,205,1
277,Matt Miller,210,1
277,Daniel Jeremiah,157,1.1
277,Charlie Campbell,222,1
278,PFF,190,1.2
278,NFL Draft Buzz,219,0.9
279,PFF,241,1.2
280,NFL Draft Buzz,181,0.9
281,PFN,183,0.9
282,PFF,361,1.2
282,PFN,96,0.9
283,PFF,245,1.2
284,NFL Draft Buzz,184,0.9
285,PFF,246,1.2
286,NFL Draft Buzz,186,0.9
287,PFF,359,1.2
287,PFN,104,0.9
288,NFL Draft Buzz,187,0.9
289,PFF,255,1.2
289,NFL Draft Buzz,183,0.9
290,NFL Draft Buzz,188,0.9
291,PFF,252,1.2
292,PFF,253,1.2
293,NFL Draft Buzz,190,0.9
294,PFF,256,1.2
295,NFL Draft Buzz,192,0.9
296,PFF,257,1.2
297,NFL Draft Buzz,193,0.9
298,PFF,239,1.2
298,NFL Draft Buzz,208,0.9
299,PFF,327,1.2
299,NFL Draft Buzz,167,0.9
299,PFN,169,0.9
300,NFL Draft Buzz,194,0.9
301,PFF,259,1.2
302,NFL Draft Buzz,211,0.9
302,PFN,179,0.9
303,NFL Draft Buzz,196,0.9
304,PFF,281,1.2
304,PFN,182,0.9
305,NFL Draft Buzz,197,0.9
306,NFL Draft Buzz,198,0.9
307,PFF,265,1.2
308,NFL Draft Buzz,199,0.9
309,NFL Draft Buzz,200,0.9
310,PFF,267,1.2
311,NFL Draft Buzz,201,0.9
312,PFF,268,1.2
313,PFF,285,1.2
313,NFL Draft Buzz,231,0.9
313,PFN,159,0.9
314,NFL Draft Buzz,202,0.9
315,PFF,270,1.2
316,NFL Draft Buzz,203,0.9
317,PFF,303,1.2
317,NFL Draft Buzz,182,0.9
318,NFL Draft Buzz,205,0.9
319,NFL Draft Buzz,206,0.9
320,PFF,264,1.2
320,NFL Draft Buzz,216,0.9
321,PFF,276,1.2
322,NFL Draft Buzz,207,0.9
323,PFF,277,1.2
324,PFF,278,1.2
325,NFL Draft Buzz,212,0.9
326,PFF,283,1.2
327,NFL Draft Buzz,213,0.9
328,PFF,284,1.2
329,NFL Draft Buzz,214,0.9
330,PFF,286,1.2
331,NFL Draft Buzz,215,0.9
332,PFF,287,1.2
333,PFF,289,1.2
334,PFF,291,1.2
335,PFF,282,1.2
335,NFL Draft Buzz,226,0.9
336,PFF,292,1.2
337,PFF,312,1.2
337,NFL Draft Buzz,204,0.9
338,PFF,293,1.2
339,NFL Draft Buzz,220,0.9
340,PFF,294,1.2
341,NFL Draft Buzz,221,0.9
342,PFF,295,1.2
343,PFF,360,1.2
343,PFN,174,0.9
344,NFL Draft Buzz,222,0.9
345,NFL Draft Buzz,223,0.9
346,PFF,375,1.2
346,PFN,165,0.9
347,PFF,260,1.2
347,NFL Draft Buzz,252,0.9
348,NFL Draft Buzz,224,0.9
349,PFF,363,1.2
349,PFN,176,0.9
350,PFF,299,1.2
351,NFL Draft Buzz,225,0.9
352,PFF,301,1.2
353,PFF,302,1.2
354,NFL Draft Buzz,227,0.9
355,PFF,304,1.2
356,NFL Draft Buzz,228,0.9
357,NFL Draft Buzz,229,0.9
358,PFF,397,1.2
358,PFN,161,0.9
359,PFF,332,1.2
359,NFL Draft Buzz,210,0.9
360,PFF,306,1.2
361,NFL Draft Buzz,230,0.9
362,PFF,275,1.2
362,NFL Draft Buzz,254,0.9
363,PFF,247,1.2
363,NFL Draft Buzz,276,0.9
364,PFF,309,1.2
365,NFL Draft Buzz,232,0.9
366,NFL Draft Buzz,233,0.9
367,PFF,311,1.2
368,PFF,313,1.2
369,NFL Draft Buzz,235,0.9
370,NFL Draft Buzz,236,0.9
371,PFF,316,1.2
372,NFL Draft Buzz,237,0.9
373,NFL Draft Buzz,238,0.9
374,PFF,318,1.2
375,NFL Draft Buzz,239,0.9
376,PFF,319,1.2
377,PFF,317,1.2
377,NFL Draft Buzz,242,0.9
378,NFL Draft Buzz,240,0.9
379,PFF,320,1.2
380,PFF,400,1.2
380,PFN,181,0.9
381,PFF,321,1.2
382,NFL Draft Buzz,241,0.9
383,PFF,322,1.2
384,PFF,323,1.2
385,NFL Draft Buzz,243,0.9
386,PFF,324,1.2
387,NFL Draft Buzz,244,0.9
388,NFL Draft Buzz,245,0.9
389,PFF,396,1.2
389,NFL Draft Buzz,195,0.9
390,NFL Draft Buzz,246,0.9
391,PFF,403,1.2
391,NFL Draft Buzz,191,0.9
392,PFF,329,1.2
393,NFL Draft Buzz,247,0.9
394,PFF,330,1.2
395,NFL Draft Buzz,248,0.9
396,PFF,331,1.2
397,NFL Draft Buzz,249,0.9
398,PFF,415,1.2
398,NFL Draft Buzz,189,0.9
399,NFL Draft Buzz,251,0.9
400,PFF,335,1.2
401,PFF,336,1.2
402,PFF,337,1.2
403,NFL Draft Buzz,253,0.9
404,PFF,338,1.2
405,PFF,340,1.2
406,PFF,341,1.2
407,PFF,342,1.2
408,NFL Draft Buzz,257,0.9
409,PFF,343,1.2
410,NFL Draft Buzz,258,0.9
411,PFF,344,1.2
412,NFL Draft Buzz,259,0.9
413,PFF,346,1.2
414,NFL Draft Buzz,260,0.9
415,PFF,352,1.2
415,NFL Draft Buzz,256,0.9
416,PFF,348,1.2
417,NFL Draft Buzz,261,0.9
418,PFF,385,1.2
418,NFL Draft Buzz,234,0.9
419,NFL Draft Buzz,262,0.9
420,PFF,350,1.2
421,NFL Draft Buzz,263,0.9
422,PFF,351,1.2
423,NFL Draft Buzz,264,0.9
424,PFF,353,1.2
425,NFL Draft Buzz,265,0.9
426,PFF,354,1.2
427,NFL Draft Buzz,266,0.9
428,PFF,355,1.2
429,NFL Draft Buzz,267,0.9
430,PFF,305,1.2
430,NFL Draft Buzz,307,0.9
431,NFL Draft Buzz,268,0.9
432,NFL Draft Buzz,269,0.9
433,NFL Draft Buzz,270,0.9
434,NFL Draft Buzz,271,0.9
435,PFF,362,1.2
436,NFL Draft Buzz,272,0.9
437,PFF,364,1.2
438,PFF,365,1.2
439,NFL Draft Buzz,274,0.9
440,NFL Draft Buzz,275,0.9
441,PFF,394,1.2
441,NFL Draft Buzz,255,0.9
442,PFF,367,1.2
443,NFL Draft Buzz,277,0.9
444,NFL Draft Buzz,278,0.9
445,PFF,371,1.2
446,NFL Draft Buzz,279,0.9
447,PFF,372,1.2
448,PFF,373,1.2
449,NFL Draft Buzz,280,0.9
450,PFF,374,1.2
451,NFL Draft Buzz,281,0.9
452,PFF,376,1.2
453,NFL Draft Buzz,282,0.9
454,PFF,377,1.2
455,NFL Draft Buzz,283,0.9
456,PFF,378,1.2
457,PFF,379,1.2
458,NFL Draft Buzz,285,0.9
459,PFF,380,1.2
460,NFL Draft Buzz,286,0.9
461,PFF,382,1.2
462,NFL Draft Buzz,287,0.9
463,PFF,383,1.2
464,PFF,384,1.2
465,NFL Draft Buzz,288,0.9
466,NFL Draft Buzz,289,0.9
467,PFF,407,1.2
467,NFL Draft Buzz,273,0.9
468,PFF,386,1.2
469,NFL Draft Buzz,290,0.9
470,PFF,387,1.2
471,NFL Draft Buzz,291,0.9
472,PFF,388,1.2
473,PFF,343,1.2
473,NFL Draft Buzz,386,0.9
473,PFN,263,0.9
473,TANKATHON,273,0.9
473,Mel Kiper,295,1.1
473,Field Yates,309,1
473,Matt Miller,369,1
473,Daniel Jeremiah,368,1.1
473,Charlie Campbell,327,1
474,NFL Draft Buzz,292,0.9
475,PFF,390,1.2
476,NFL Draft Buzz,293,0.9
477,PFF,391,1.2
478,NFL Draft Buzz,294,0.9
479,PFF,393,1.2
480,NFL Draft Buzz,295,0.9
481,NFL Draft Buzz,296,0.9
482,PFF,395,1.2
483,NFL Draft Buzz,297,0.9
484,NFL Draft Buzz,298,0.9
485,PFF,398,1.2
486,NFL Draft Buzz,299,0.9
487,NFL Draft Buzz,300,0.9
488,PFF,401,1.2
489,NFL Draft Buzz,301,0.9
490,PFF,402,1.2
491,NFL Draft Buzz,302,0.9
492,NFL Draft Buzz,303,0.9
493,PFF,404,1.2
494,NFL Draft Buzz,304,0.9
495,PFF,406,1.2
496,NFL Draft Buzz,305,0.9
497,NFL Draft Buzz,306,0.9
498,PFF,408,1.2
499,NFL Draft Buzz,308,0.9
500,PFF,411,1.2
501,PFF,412,1.2
502,NFL Draft Buzz,309,0.9
503,PFF,413,1.2
504,NFL Draft Buzz,310,0.9
505,PFF,414,1.2
506,NFL Draft Buzz,311,0.9
507,NFL Draft Buzz,311,0.9
508,NFL Draft Buzz,312,0.9
509,NFL Draft Buzz,313,0.9
510,NFL Draft Buzz,314,0.9
511,NFL Draft Buzz,315,0.9
512,NFL Draft Buzz,316,0.9
513,NFL Draft Buzz,317,0.9
514,PFF,368,1.2
514,NFL Draft Buzz,363,0.9
514,PFN,431,0.9
514,TANKATHON,407,0.9
514,Mel Kiper,351,1.1
514,Field Yates,448,1
514,Matt Miller,353,1
514,Daniel Jeremiah,336,1.1
514,Charlie Campbell,478,1
515,PFF,502,1.2
515,NFL Draft Buzz,447,0.9
515,PFN,455,0.9
515,TANKATHON,353,0.9
515,Mel Kiper,433,1.1
515,Field Yates,366,1
515,Matt Miller,386,1
515,Daniel Jeremiah,356,1.1
515,Charlie Campbell,349,1
516,PFF,436,1.2
516,NFL Draft Buzz,415,0.9
516,PFN,387,0.9
516,TANKATHON,408,0.9
516,Mel Kiper,435,1.1
516,Field Yates,389,1
516,Matt Miller,484,1
516,Daniel Jeremiah,367,1.1
516,Charlie Campbell,339,1
517,PFF,364,1.2
517,NFL Draft Buzz,376,0.9
517,PFN,488,0.9
517,TANKATHON,415,0.9
517,Mel Kiper,405,1.1
517,Field Yates,423,1
517,Matt Miller,431,1
517,Daniel Jeremiah,376,1.1
517,Charlie Campbell,424,1
518,PFF,443,1.2
518,NFL Draft Buzz,346,0.9
518,PFN,360,0.9
518,TANKATHON,493,0.9
518,Mel Kiper,415,1.1
518,Field Yates,452,1
518,Matt Miller,392,1
518,Daniel Jeremiah,470,1.1
518,Charlie Campbell,370,1
519,PFF,436,1.2
519,NFL Draft Buzz,456,0.9
519,PFN,491,0.9
519,TANKATHON,353,0.9
519,Mel Kiper,384,1.1
519,Field Yates,369,1
519,Matt Miller,342,1
519,Daniel Jeremiah,476,1.1
519,Charlie Campbell,433,1
520,PFF,351,1.2
520,NFL Draft Buzz,395,0.9
520,PFN,442,0.9
520,TANKATHON,489,0.9
520,Mel Kiper,336,1.1
520,Field Yates,441,1
520,Matt Miller,455,1
520,Daniel Jeremiah,398,1.1
520,Charlie Campbell,408,1
521,PFF,454,1.2
521,NFL Draft Buzz,437,0.9
521,PFN,479,0.9
521,TANKATHON,447,0.9
521,Mel Kiper,378,1.1
521,Field Yates,365,1
521,Matt Miller,372,1
521,Daniel Jeremiah,354,1.1
521,Charlie Campbell,457,1
522,PFF,378,1.2
522,NFL Draft Buzz,382,0.9
522,PFN,470,0.9
522,TANKATHON,500,0.9
522,Mel Kiper,349,1.1
522,Field Yates,424,1
522,Matt Miller,354,1
522,Daniel Jeremiah,437,1.1
522,Charlie Campbell,463,1
523,PFF,457,1.2
523,NFL Draft Buzz,357,0.9
523,PFN,501,0.9
523,TANKATHON,459,0.9
523,Mel Kiper,427,1.1
523,Field Yates,491,1
523,Matt Miller,406,1
523,Daniel Jeremiah,376,1.1
523,Charlie Campbell,379,1
